time,GSR,,,,,,,,,,
-122.05,37.37,,,,,,,,,,
-118.3,34.26,,,,,,,,,,
-117.81,33.78,,,,,,,,,,
-118.36,33.82,,,,,,,,,,
-119.67,36.33,,,,,,,,,, 
-119.56,36.51,,,,,,,,,,
-121.43,38.63,,,,,,,,,,
-120.65,35.48,,,,,,,,,,
-122.84,38.4,,,,,,,,,,
-118.02,34.08,,,,,,,,,,
-118.24,33.98,,,,,,,,,,
-119.12,35.85,,,,,,,,,,
-121.93,37.25,,,,,,,,,,
-117.03,32.97,,,,,,,,,,
-117.97,33.73,,,,,,,,,,
-117.99,33.81,,,,,,,,,,
-120.81,37.53,,,,,,,,,,
-121.2,38.69,,,,,,,,,,
-118.88,34.21,,,,,,,,,,
-122.59,38.01,,,,,,,,,,
-122.15,37.75,,,,,,,,,,
-121.37,38.68,,,,,,,,,,
-118.16,34.07,,,,,,,,,,
-122.2,37.79,,,,,,,,,,
-117.28,33.28,,,,,,,,,,
-118.03,34.16,,,,,,,,,,
-122.42,37.76,,,,,,,,,,
-118.39,33.99,,,,,,,,,,
-118.45,34.07,,,,,,,,,,
-118.48,34.01,,,,,,,,,,
-119.35,36.33,,,,,,,,,,
-118.3,33.91,,,,,,,,,,
-121.13,39.31,,,,,,,,,,
-118.08,34.55,,,,,,,,,,
-118.32,33.94,,,,,,,,,,
-118.11,34,,,,,,,,,,
-122.53,37.97,,,,,,,,,,
-118.02,33.92,,,,,,,,,,
-118.05,33.93,,,,,,,,,,
-119.01,34.23,,,,,,,,,,
-119.32,36.2,,,,,,,,,,
-116.92,32.77,,,,,,,,,,
-118.06,34.15,,,,,,,,,,
-117.27,34.09,,,,,,,,,,
-118.23,34.13,,,,,,,,,,
-117.24,33.17,,,,,,,,,,
-121.91,37.44,,,,,,,,,,
-118.29,33.94,,,,,,,,,,
-121.35,38,,,,,,,,,,
-117.99,33.78,,,,,,,,,,
-120.99,37.7,,,,,,,,,,
-119.42,35.97,,,,,,,,,,
-122.21,37.8,,,,,,,,,,
-118.17,33.8,,,,,,,,,,
-117.9,34.09,,,,,,,,,,
-117.99,33.93,,,,,,,,,,
-121.42,38.72,,,,,,,,,,
-118.77,34.26,,,,,,,,,,
-121.93,37.33,,,,,,,,,,
-121.82,37.25,,,,,,,,,,
-122.29,37.56,,,,,,,,,,
-121.78,37.23,,,,,,,,,,
-118.41,34,,,,,,,,,,
-121.67,40.87,,,,,,,,,,
-118,33.92,,,,,,,,,,
-117.22,32.73,,,,,,,,,,
-121.08,37.69,,,,,,,,,,
-117.53,33.92,,,,,,,,,,
-117.46,34.08,,,,,,,,,,
-117.97,33.86,,,,,,,,,,
-121.92,37.33,,,,,,,,,,
-118.2,34.04,,,,,,,,,,
-118.06,33.8,,,,,,,,,,
-122.05,37.36,,,,,,,,,,
-123.79,39.5,,,,,,,,,,
-120.79,37.49,,,,,,,,,,
-121.89,37.35,,,,,,,,,,
-118.43,34.2,,,,,,,,,,
-118.75,34.17,,,,,,,,,,
-122.47,37.99,,,,,,,,,,
-120.69,37.4,,,,,,,,,,
-118.28,34.05,,,,,,,,,,
-118.44,34.25,,,,,,,,,,
-122.05,38.26,,,,,,,,,,
-121.99,37.35,,,,,,,,,,
-121.02,37.68,,,,,,,,,,
-119.85,36.74,,,,,,,,,,
-118.02,34.08,,,,,,,,,,
-123.52,41.01,,,,,,,,,,
-122.4,37.62,,,,,,,,,,
-118.13,34.15,,,,,,,,,,
-122,37.98,,,,,,,,,,
-118.45,34.25,,,,,,,,,,
-117.5,33.87,,,,,,,,,,
-122.22,37.84,,,,,,,,,,
-119.82,36.64,,,,,,,,,,
-120.21,36.77,,,,,,,,,,
-120.97,38.42,,,,,,,,,,
-121.19,38.87,,,,,,,,,,
-118.2,33.77,,,,,,,,,,
-118.3,34.02,,,,,,,,,,
-122.23,37.79,,,,,,,,,,
-121.31,38.62,,,,,,,,,,
-117.25,32.8,,,,,,,,,,
-118.26,33.99,,,,,,,,,,
-119.39,36.54,,,,,,,,,,
-121.51,38.52,,,,,,,,,,
-119.18,34.27,,,,,,,,,,
-118.18,33.77,,,,,,,,,,
-122.43,37.74,,,,,,,,,,
-117.93,33.91,,,,,,,,,,
-124.16,40.77,,,,,,,,,,
-117.95,33.63,,,,,,,,,,
-118.05,34.1,,,,,,,,,,
-116.97,32.81,,,,,,,,,,
-118.85,34.17,,,,,,,,,,
-117.73,33.63,,,,,,,,,,
-122.07,37.34,,,,,,,,,,
-117.18,33.02,,,,,,,,,,
-118.41,34,,,,,,,,,,
-121.96,37.3,,,,,,,,,,
-121.74,38.55,,,,,,,,,,
-118.21,33.92,,,,,,,,,,
-121.9,36.61,,,,,,,,,,
-117.81,33.84,,,,,,,,,,
-118.19,33.93,,,,,,,,,,
-120.93,37.73,,,,,,,,,,
-122.02,37.96,,,,,,,,,,
-122.47,37.79,,,,,,,,,,
-117.19,34.03,,,,,,,,,,
-117.24,32.8,,,,,,,,,,
-118.13,34.1,,,,,,,,,,
-122.42,37.73,,,,,,,,,,
-118.14,34.71,,,,,,,,,,
-119.76,36.75,,,,,,,,,,
-122.34,37.56,,,,,,,,,,
-122.45,40.46,,,,,,,,,,
-118.29,33.91,,,,,,,,,,
-118.32,33.91,,,,,,,,,,
-122.04,37.36,,,,,,,,,,
-117.39,34.1,,,,,,,,,,
-122.25,37.8,,,,,,,,,,
-117.98,34.1,,,,,,,,,,
-120.06,36.95,,,,,,,,,,
-121.47,39.49,,,,,,,,,,
-122.2,37.79,,,,,,,,,,
-117.23,32.75,,,,,,,,,,
-119.75,36.74,,,,,,,,,,
-117.92,34.03,,,,,,,,,,
-121.64,39.28,,,,,,,,,,
-117.14,32.72,,,,,,,,,,
-122.29,37.54,,,,,,,,,,
-117.91,33.94,,,,,,,,,,
-118.38,34.27,,,,,,,,,,
-122.03,37.6,,,,,,,,,,
-117.13,33.15,,,,,,,,,,
-118.28,34,,,,,,,,,,
-122.45,37.72,,,,,,,,,,
-119.77,36.77,,,,,,,,,,
-117.7,33.64,,,,,,,,,,
-117.07,32.79,,,,,,,,,,
-117.85,33.62,,,,,,,,,,
-117.76,33.71,,,,,,,,,,
-117.19,34.94,,,,,,,,,,
-120.97,37.69,,,,,,,,,,
-117.19,33.64,,,,,,,,,,
-118.38,33.91,,,,,,,,,,
-121.56,38.26,,,,,,,,,,
-118.96,35.87,,,,,,,,,,
-116.96,32.8,,,,,,,,,,
-118.27,33.94,,,,,,,,,,
-119.18,34.19,,,,,,,,,,
-118.23,33.9,,,,,,,,,,
-120.49,37.26,,,,,,,,,,
-121.43,38.64,,,,,,,,,,
-118.14,34.17,,,,,,,,,,
-119.09,35.41,,,,,,,,,,
-118.02,33.71,,,,,,,,,,
-121.53,39.06,,,,,,,,,,
-119.29,34.28,,,,,,,,,,
-121.84,37.34,,,,,,,,,,
-117.99,33.88,,,,,,,,,,
-122.24,37.55,,,,,,,,,,
-121.8,37.31,,,,,,,,,,
-117.43,34.08,,,,,,,,,,
-118.28,34.02,,,,,,,,,,
-117.3,33.06,,,,,,,,,,
-118.2,34.04,,,,,,,,,,
-117.63,34.11,,,,,,,,,,
-121.94,37.33,,,,,,,,,,
-118.07,33.93,,,,,,,,,,
-117.19,32.83,,,,,,,,,,
-118.21,33.89,,,,,,,,,,
-118.41,34.19,,,,,,,,,,
-117,32.8,,,,,,,,,,
-116.92,32.86,,,,,,,,,,
-121.04,38.95,,,,,,,,,,
-122.12,37.45,,,,,,,,,,
-119.48,36.54,,,,,,,,,,
-121.02,37.68,,,,,,,,,,
-123.28,40.77,,,,,,,,,,
-122.89,39.11,,,,,,,,,,
-122.04,37.97,,,,,,,,,,
-118.08,33.81,,,,,,,,,,
-118.31,34.09,,,,,,,,,,
-122.16,37.75,,,,,,,,,,
-121.61,38.38,,,,,,,,,,
-122.1,37.68,,,,,,,,,,
-122.28,37.87,,,,,,,,,,
-116.91,34.24,,,,,,,,,,
-121.83,37.28,,,,,,,,,,
-118.3,33.81,,,,,,,,,,
-117.96,33.7,,,,,,,,,,
-122.14,40.07,,,,,,,,,,
-121.44,38.73,,,,,,,,,,
-122.26,37.55,,,,,,,,,,
-121.64,37.14,,,,,,,,,,
-117.18,34.48,,,,,,,,,,
-122.28,38.34,,,,,,,,,,
-117.9,33.6,,,,,,,,,,
-122.18,37.78,,,,,,,,,,
-121.49,38.51,,,,,,,,,,
-118.19,33.91,,,,,,,,,,
-118.27,34.1,,,,,,,,,,
-121.44,38.61,,,,,,,,,,
-121.91,37.43,,,,,,,,,,
-117.86,33.72,,,,,,,,,,
-118.35,33.92,,,,,,,,,,
-117.26,33.84,,,,,,,,,,
-122.43,37.73,,,,,,,,,,
-121.8,37.99,,,,,,,,,,
-122.58,38.46,,,,,,,,,,
-122.47,37.78,,,,,,,,,,
-118.08,34,,,,,,,,,,
-122,37.35,,,,,,,,,,
-119.02,35.41,,,,,,,,,,
-118.13,34.18,,,,,,,,,,
-121.94,37.27,,,,,,,,,,
-120.51,35.91,,,,,,,,,,
-121.65,38.03,,,,,,,,,,
-121.62,39.79,,,,,,,,,,
-117.08,32.82,,,,,,,,,,
-123.21,39.14,,,,,,,,,,
-119.61,36.33,,,,,,,,,,
-114.98,33.07,,,,,,,,,,
-118.38,34.04,,,,,,,,,,
-117.99,33.7,,,,,,,,,,
-116.26,33.72,,,,,,,,,,
-118.4,34,,,,,,,,,,
-120.64,35.46,,,,,,,,,,
-122.03,37.39,,,,,,,,,,
-118.29,33.88,,,,,,,,,,
-117.02,32.69,,,,,,,,,,
-119.32,36.3,,,,,,,,,,
-122.31,38.01,,,,,,,,,,
-118.86,34.19,,,,,,,,,,
-117.14,33.81,,,,,,,,,,
-118.64,34.22,,,,,,,,,,
-116.63,33.89,,,,,,,,,,
-118.28,34.11,,,,,,,,,,
-119.03,35.38,,,,,,,,,,
-118.26,33.88,,,,,,,,,,
-117.89,33.85,,,,,,,,,,
-122.09,37.38,,,,,,,,,,
-122.94,39.1,,,,,,,,,,
-117.1,32.68,,,,,,,,,,
-118.98,35.41,,,,,,,,,,
-120.23,37.96,,,,,,,,,,
-118.2,33.94,,,,,,,,,,
-121.3,37.95,,,,,,,,,,
-121.74,38.55,,,,,,,,,,
-121.96,37.33,,,,,,,,,,
-120.6,37.36,,,,,,,,,,
-122.47,37.7,,,,,,,,,,
-117.05,32.58,,,,,,,,,,
-117.9,33.87,,,,,,,,,,
-117.23,32.87,,,,,,,,,,
-122.08,37.88,,,,,,,,,,
-118.21,33.8,,,,,,,,,,
-122.08,37.64,,,,,,,,,,
-118.38,34.14,,,,,,,,,,
-118.2,33.8,,,,,,,,,,
-117.62,33.43,,,,,,,,,,
-122.11,37.4,,,,,,,,,,
-122.84,38.98,,,,,,,,,,
-121.26,38.27,,,,,,,,,,
-116.89,33.73,,,,,,,,,,
-122.67,38.44,,,,,,,,,,
-117.94,33.87,,,,,,,,,,
-118.14,34.69,,,,,,,,,,
-122.4,37.59,,,,,,,,,,
-118.08,33.84,,,,,,,,,,
-116.36,33.78,,,,,,,,,,
-117.94,33.85,,,,,,,,,,
-117.47,33.94,,,,,,,,,,
-117.64,33.65,,,,,,,,,,
-118.5,34.24,,,,,,,,,,
-118.19,33.78,,,,,,,,,,
-117.66,34.12,,,,,,,,,,
-122.3,37.97,,,,,,,,,,
-122.14,37.68,,,,,,,,,,
-118.26,33.94,,,,,,,,,,
-118.23,33.93,,,,,,,,,,
-120.96,38.66,,,,,,,,,,
-117.84,35.35,,,,,,,,,,
-119.16,34.2,,,,,,,,,,
-122.65,38.23,,,,,,,,,,
-121.88,37.37,,,,,,,,,,
-118.4,34.04,,,,,,,,,,
-118.27,34.11,,,,,,,,,,
-118.44,34.3,,,,,,,,,,
-121.77,37.68,,,,,,,,,,
-119.99,38.88,,,,,,,,,,
-118.36,33.96,,,,,,,,,,
-118.32,33.97,,,,,,,,,,
-118.27,34.27,,,,,,,,,,
-116.81,33.9,,,,,,,,,,
-118.39,33.96,,,,,,,,,,
-118.07,33.91,,,,,,,,,,
-118.35,34.22,,,,,,,,,,
-118.43,34.02,,,,,,,,,,
-121.73,37.68,,,,,,,,,,
-117.31,32.98,,,,,,,,,,
-122.29,37.56,,,,,,,,,,
-119.69,34.38,,,,,,,,,,
-122.07,38,,,,,,,,,,
-118.05,34.16,,,,,,,,,,
-122.07,37.66,,,,,,,,,,
-121.8,37.27,,,,,,,,,,
-122.69,38.34,,,,,,,,,,
-117.08,32.7,,,,,,,,,,
-119.76,36.73,,,,,,,,,,
-118.37,34.05,,,,,,,,,,
-122.7,38.35,,,,,,,,,,
-118.13,34.01,,,,,,,,,,
-119.35,36.21,,,,,,,,,,
-117.67,34.03,,,,,,,,,,
-117.97,34.15,,,,,,,,,,
-118.08,34.08,,,,,,,,,,
-121.23,38.78,,,,,,,,,,
-118.2,34.02,,,,,,,,,,
-118.17,34.02,,,,,,,,,,
-117.8,34.06,,,,,,,,,,
-118.3,33.97,,,,,,,,,,
-122.47,37.69,,,,,,,,,,
-118.2,33.96,,,,,,,,,,
-117.13,32.91,,,,,,,,,,
-119.77,36.81,,,,,,,,,,
-118.47,34.25,,,,,,,,,,
-122.25,37.8,,,,,,,,,,
-118.5,34.17,,,,,,,,,,
-122.24,37.49,,,,,,,,,,
-117.15,32.93,,,,,,,,,,
-120.85,37.77,,,,,,,,,,
-122.25,37.83,,,,,,,,,,
-118.33,33.77,,,,,,,,,,
-124.15,40.78,,,,,,,,,,
-117.94,33.79,,,,,,,,,,
-121.59,39.15,,,,,,,,,,
-122.69,38.44,,,,,,,,,,
-122.51,38.76,,,,,,,,,,
-117.89,33.61,,,,,,,,,,
-117.19,32.77,,,,,,,,,,
-117.15,32.75,,,,,,,,,,
-122.21,37.48,,,,,,,,,,
-118.25,33.79,,,,,,,,,,
-120.49,40.31,,,,,,,,,,
-118.3,33.74,,,,,,,,,,
-117.14,32.7,,,,,,,,,,
-121.3,37.97,,,,,,,,,,
-119.78,36.75,,,,,,,,,,
-118.38,34.18,,,,,,,,,,
-118.13,34.1,,,,,,,,,,
-118.3,33.73,,,,,,,,,,
-118.44,33.99,,,,,,,,,,
-117.48,34.08,,,,,,,,,,
-122.35,37.97,,,,,,,,,,
-119.71,34.41,,,,,,,,,,
-116.92,32.81,,,,,,,,,,
-122.11,37.66,,,,,,,,,,
-117.41,33.94,,,,,,,,,,
-122.45,37.74,,,,,,,,,,
-118.36,33.8,,,,,,,,,,
-121.66,36.68,,,,,,,,,,
-122.42,37.76,,,,,,,,,,
-118.29,34.05,,,,,,,,,,
-119.82,34.43,,,,,,,,,,
-119.34,36.22,,,,,,,,,,
-121.5,38.61,,,,,,,,,,
-121.88,37.46,,,,,,,,,,
-118.27,33.94,,,,,,,,,,
-122.17,37.73,,,,,,,,,,
-122.22,37.85,,,,,,,,,,
-117.2,32.83,,,,,,,,,,
-120.69,35.49,,,,,,,,,,
-122.7,38.97,,,,,,,,,,
-118.37,34.15,,,,,,,,,,
-118.35,34,,,,,,,,,,
-118.39,37.36,,,,,,,,,,
-118.11,34.2,,,,,,,,,,
-121.72,36.81,,,,,,,,,,
-118.52,34.16,,,,,,,,,,
-118.12,33.9,,,,,,,,,,
-119.69,36.79,,,,,,,,,,
-118.03,33.78,,,,,,,,,,
-120.67,35.62,,,,,,,,,,
-118.43,34.03,,,,,,,,,,
-121.62,39.13,,,,,,,,,,
-118.97,37.64,,,,,,,,,,
-117.25,32.74,,,,,,,,,,
-122.28,37.8,,,,,,,,,,
-118.19,34.14,,,,,,,,,,
-117.9,33.85,,,,,,,,,,
-119.02,37.64,,,,,,,,,,
-118.37,34.2,,,,,,,,,,
-122.41,37.75,,,,,,,,,,
-117.94,33.92,,,,,,,,,,
-118.22,34.12,,,,,,,,,,
-117.24,34.04,,,,,,,,,,
-122.08,37.66,,,,,,,,,,
-122.28,37.85,,,,,,,,,,
-118.21,33.9,,,,,,,,,,
-118.01,33.92,,,,,,,,,,
-118.29,34.18,,,,,,,,,,
-118.21,33.96,,,,,,,,,,
-117.23,32.81,,,,,,,,,,
-117.03,33.13,,,,,,,,,,
-121.85,37.22,,,,,,,,,,
-122.4,37.72,,,,,,,,,,
-120.47,34.98,,,,,,,,,,
-121.14,37.48,,,,,,,,,,
-119.34,36.62,,,,,,,,,,
-117.66,34.08,,,,,,,,,,
-116.84,33.08,,,,,,,,,,
-118.29,34.05,,,,,,,,,,
-119.98,38.94,,,,,,,,,,
-118.1,33.91,,,,,,,,,,
-120.07,36.96,,,,,,,,,,
-119.11,35.39,,,,,,,,,,
-117.72,34.1,,,,,,,,,,
-117.9,33.65,,,,,,,,,,
-121.98,37.29,,,,,,,,,,
-122.03,36.96,,,,,,,,,,
-117.42,34.08,,,,,,,,,,
-117.66,34.11,,,,,,,,,,
-119.29,34.24,,,,,,,,,,
-117.02,32.71,,,,,,,,,,
-122.85,38.62,,,,,,,,,,
-118.33,33.91,,,,,,,,,,
-118.4,34.02,,,,,,,,,,
-118.38,33.84,,,,,,,,,,
-118.05,34.11,,,,,,,,,,
-117.43,33.93,,,,,,,,,,
-118.1,34.16,,,,,,,,,,
-122.53,37.86,,,,,,,,,,
-118.3,33.97,,,,,,,,,,
-118.2,33.89,,,,,,,,,,
-118.02,34.15,,,,,,,,,,
-121.53,39.52,,,,,,,,,,
-117.92,33.9,,,,,,,,,,
-118.37,34.21,,,,,,,,,,
-118.04,33.85,,,,,,,,,,
-118.46,33.98,,,,,,,,,,
-118.05,33.9,,,,,,,,,,
-122.95,40.71,,,,,,,,,,
-122,37.3,,,,,,,,,,
-121.86,37.4,,,,,,,,,,
-119.25,36.56,,,,,,,,,,
-118.21,34.56,,,,,,,,,,
-118.26,34.02,,,,,,,,,,
-117.28,34.15,,,,,,,,,,
-122.44,37.66,,,,,,,,,,
-118.99,35.39,,,,,,,,,,
-117.14,34.06,,,,,,,,,,
-122.15,37.41,,,,,,,,,,
-121.2,38.67,,,,,,,,,,
-122.15,37.47,,,,,,,,,,
-118.34,33.95,,,,,,,,,,
-118.25,34.08,,,,,,,,,,
-119.58,36.1,,,,,,,,,,
-121.31,38.71,,,,,,,,,,
-118.42,34.12,,,,,,,,,,
-117.18,34.06,,,,,,,,,,
-115.9,32.69,,,,,,,,,,
-118.36,33.98,,,,,,,,,,
-122.5,37.6,,,,,,,,,,
-121.5,36.81,,,,,,,,,,
-118.19,33.82,,,,,,,,,,
-117.3,34.15,,,,,,,,,,
-118.42,34.23,,,,,,,,,,
-118.12,33.9,,,,,,,,,,
-119.8,36.79,,,,,,,,,,
-119.74,34.35,,,,,,,,,,
-121.97,37.97,,,,,,,,,,
-117.07,34.05,,,,,,,,,,
-122.29,37.82,,,,,,,,,,
-116.31,33.65,,,,,,,,,,
-118.27,34.01,,,,,,,,,,
-122.44,37.76,,,,,,,,,,
-118.27,34.15,,,,,,,,,,
-118.41,34.03,,,,,,,,,,
-121.45,38.61,,,,,,,,,,
-117.25,32.83,,,,,,,,,,
-119.8,36.82,,,,,,,,,,
-121.31,38.01,,,,,,,,,,
-118.18,34.05,,,,,,,,,,
-122.13,37.37,,,,,,,,,,
-119.75,36.78,,,,,,,,,,
-117.09,32.74,,,,,,,,,,
-122.02,37.33,,,,,,,,,,
-117.2,32.84,,,,,,,,,,
-118.14,34.01,,,,,,,,,,
-122.43,37.78,,,,,,,,,,
-118.1,34.01,,,,,,,,,,
-118.35,34.1,,,,,,,,,,
-118,33.81,,,,,,,,,,
-121.46,38.56,,,,,,,,,,
-118.27,33.87,,,,,,,,,,
-118.26,33.95,,,,,,,,,,
-119.01,35.38,,,,,,,,,,
-117.08,32.8,,,,,,,,,,
-122.2,40.26,,,,,,,,,,
-119.98,38.94,,,,,,,,,,
-122.53,37.95,,,,,,,,,,
-118.3,34.05,,,,,,,,,,
-121.86,39.75,,,,,,,,,,
-122.06,37.33,,,,,,,,,,
-122.45,38.01,,,,,,,,,,
-117.01,32.77,,,,,,,,,,
-120.87,37.76,,,,,,,,,,
-121.79,38.54,,,,,,,,,,
-117.81,33.82,,,,,,,,,,
-117.59,33.66,,,,,,,,,,
-117.36,34.09,,,,,,,,,,
-121.52,39.5,,,,,,,,,,
-122.27,37.84,,,,,,,,,,
-122.21,40.2,,,,,,,,,,
-117.24,33.18,,,,,,,,,,
-122.55,37.98,,,,,,,,,,
-118.45,34,,,,,,,,,,
-117.88,33.85,,,,,,,,,,
-117.18,32.76,,,,,,,,,,
-118.3,33.88,,,,,,,,,,
-122.04,38.28,,,,,,,,,,
-122.43,40.47,,,,,,,,,,
-118.38,33.86,,,,,,,,,,
-119.57,36.09,,,,,,,,,,
-117.87,34.12,,,,,,,,,,
-116.88,32.81,,,,,,,,,,
-118.58,34.21,,,,,,,,,,
-122.04,37.88,,,,,,,,,,
-122.44,37.72,,,,,,,,,,
-121.81,37.37,,,,,,,,,,
-122.5,37.77,,,,,,,,,,
-121.94,37.94,,,,,,,,,,
-118.45,34.12,,,,,,,,,,
-121.7,39.07,,,,,,,,,,
-118.1,34.65,,,,,,,,,,
-119.02,36.06,,,,,,,,,,
-118.06,34.08,,,,,,,,,,
-117.66,33.61,,,,,,,,,,
-117.4,33.94,,,,,,,,,,
-118.19,33.83,,,,,,,,,,
-121.55,39.51,,,,,,,,,,
-121.98,37.14,,,,,,,,,,
-117.06,32.61,,,,,,,,,,
-118.32,34.04,,,,,,,,,,
-117.13,32.76,,,,,,,,,,
-122.5,37.76,,,,,,,,,,
-120.87,37.62,,,,,,,,,,
-118.24,34.22,,,,,,,,,,
-117.69,33.48,,,,,,,,,,
-122.2,39.75,,,,,,,,,,
-117.08,32.64,,,,,,,,,,
-117.91,33.82,,,,,,,,,,
-122,38.73,,,,,,,,,,
-118.29,33.84,,,,,,,,,,
-118.13,33.86,,,,,,,,,,
-118.35,33.89,,,,,,,,,,
-122.13,40.01,,,,,,,,,,
-122.07,37.96,,,,,,,,,,
-117.26,32.85,,,,,,,,,,
-117.87,33.74,,,,,,,,,,
-121.88,37.44,,,,,,,,,,
-121.67,36.58,,,,,,,,,,
-116.89,33.79,,,,,,,,,,
-122.66,38.47,,,,,,,,,,
-121.45,38.54,,,,,,,,,,
-121,37.66,,,,,,,,,,
-117.27,32.84,,,,,,,,,,
-117.87,34.11,,,,,,,,,,
-121.44,37.75,,,,,,,,,,
-118.13,33.76,,,,,,,,,,
-118.31,34.26,,,,,,,,,,
-122,38.37,,,,,,,,,,
-122.27,41.23,,,,,,,,,,
-120.89,37.52,,,,,,,,,,
-118.75,34.29,,,,,,,,,,
-118.18,34.02,,,,,,,,,,
-121.37,38.41,,,,,,,,,,
-120.31,37.29,,,,,,,,,,
-117.88,33.73,,,,,,,,,,
-117.33,33.98,,,,,,,,,,
-118.49,34.03,,,,,,,,,,
-121.93,38.01,,,,,,,,,,
-122.45,37.7,,,,,,,,,,
-117.08,32.75,,,,,,,,,,
-116.19,33.69,,,,,,,,,,
-119.73,36.62,,,,,,,,,,
-117.12,32.59,,,,,,,,,,
-117.63,34.09,,,,,,,,,,
-118.26,34.07,,,,,,,,,,
-118.26,33.97,,,,,,,,,,
-119.84,36.75,,,,,,,,,,
-121.28,38.67,,,,,,,,,,
-117.35,34.11,,,,,,,,,,
-121.32,36.42,,,,,,,,,,
-118.35,34.02,,,,,,,,,,
-119.81,37.67,,,,,,,,,,
-118.15,34.05,,,,,,,,,,
-121.22,37.81,,,,,,,,,,
-119.72,34.43,,,,,,,,,,
-117.85,33.84,,,,,,,,,,
-117.2,32.79,,,,,,,,,,
-118.63,34.18,,,,,,,,,,
-117.49,33.64,,,,,,,,,,
-118.37,33.84,,,,,,,,,,
-122.02,38.26,,,,,,,,,,
-121.33,38.66,,,,,,,,,,
-118.74,36.23,,,,,,,,,,
-117.89,34.49,,,,,,,,,,
-117.41,33.96,,,,,,,,,,
-118.75,34.42,,,,,,,,,,
-122.48,37.74,,,,,,,,,,
-118.14,34.04,,,,,,,,,,
-122.56,37.9,,,,,,,,,,
-122.09,37.39,,,,,,,,,,
-121.8,36.94,,,,,,,,,,
-117.83,33.83,,,,,,,,,,
-121.68,36.9,,,,,,,,,,
-122.3,37.88,,,,,,,,,,
-121.04,37.67,,,,,,,,,,
-118.32,34.09,,,,,,,,,,
-118.12,33.81,,,,,,,,,,
-121.81,39.7,,,,,,,,,,
-121.84,36.52,,,,,,,,,,
-121.79,37.33,,,,,,,,,,
-118.16,34.18,,,,,,,,,,
-119.4,36.59,,,,,,,,,,
-122.27,37.8,,,,,,,,,,
-117.73,33.57,,,,,,,,,,
-121.28,37.92,,,,,,,,,,
-119.81,36.77,,,,,,,,,,
-122.26,37.85,,,,,,,,,,
-117.95,33.93,,,,,,,,,,
-120.12,38.12,,,,,,,,,,
-121.88,37.35,,,,,,,,,,
-118.11,33.87,,,,,,,,,,
-122.08,37.69,,,,,,,,,,
-121.68,39.15,,,,,,,,,,
-122.16,37.71,,,,,,,,,,
-118.07,34.09,,,,,,,,,,
-117.69,33.65,,,,,,,,,,
-118.35,34.03,,,,,,,,,,
-122.79,39.02,,,,,,,,,,
-118.14,33.89,,,,,,,,,,
-121.89,37.42,,,,,,,,,,
-122.41,37.76,,,,,,,,,,
-118.6,34.16,,,,,,,,,,
-118.41,34.02,,,,,,,,,,
-117.53,33.97,,,,,,,,,,
-117.13,32.7,,,,,,,,,,
-117.14,32.9,,,,,,,,,,
-118.16,34.11,,,,,,,,,,
-117.18,32.7,,,,,,,,,,
-117.97,33.72,,,,,,,,,,
-118.25,34.09,,,,,,,,,,
-118.14,34.11,,,,,,,,,,
-120.01,34.54,,,,,,,,,,
-117.41,34.1,,,,,,,,,,
-118.22,34.52,,,,,,,,,,
-117.91,33.87,,,,,,,,,,
-117.09,32.76,,,,,,,,,,
-122.27,37.82,,,,,,,,,,
-118.2,34.06,,,,,,,,,,
-118.36,33.9,,,,,,,,,,
-122,37.86,,,,,,,,,,
-121.36,39.52,,,,,,,,,,
-122,38.28,,,,,,,,,,
-117.7,33.68,,,,,,,,,,
-118.28,34.03,,,,,,,,,,
-118.25,34.15,,,,,,,,,,
-122.54,37.93,,,,,,,,,,
-118.25,34.02,,,,,,,,,,
-122.06,36.98,,,,,,,,,,
-122.45,37.77,,,,,,,,,,
-118.04,33.85,,,,,,,,,,
-118.12,34.15,,,,,,,,,,
-118.31,33.94,,,,,,,,,,
-118.44,34.16,,,,,,,,,,
-118.46,34.17,,,,,,,,,,
-117.93,34.06,,,,,,,,,,
-121.81,36.57,,,,,,,,,,
-118.42,34,,,,,,,,,,
-118.33,34.01,,,,,,,,,,
-118.24,33.93,,,,,,,,,,
-116.94,32.81,,,,,,,,,,
-122.6,38.24,,,,,,,,,,
-118.21,33.97,,,,,,,,,,
-118.73,34.27,,,,,,,,,,
-122.12,37.37,,,,,,,,,,
-122.42,40.44,,,,,,,,,,
-122.13,37.72,,,,,,,,,,
-121.17,37.88,,,,,,,,,,
-122.43,37.72,,,,,,,,,,
-118.22,33.91,,,,,,,,,,
-121.17,37.97,,,,,,,,,,
-122.27,37.86,,,,,,,,,,
-119.19,36.14,,,,,,,,,,
-122.41,37.6,,,,,,,,,,
-116.83,32.81,,,,,,,,,,
-119.34,36.33,,,,,,,,,,
-123.22,39.16,,,,,,,,,,
-121.92,37.72,,,,,,,,,,
-116.57,33.76,,,,,,,,,,
-118.17,34.18,,,,,,,,,,
-117.2,32.8,,,,,,,,,,
-117.58,34.09,,,,,,,,,,
-118.24,33.96,,,,,,,,,,
-122.24,40.18,,,,,,,,,,
-119.69,36.82,,,,,,,,,,
-121.69,36.62,,,,,,,,,,
-119.28,36.35,,,,,,,,,,
-117.99,33.81,,,,,,,,,,
-117.65,35,,,,,,,,,,
-118.15,34.02,,,,,,,,,,
-122.43,37.73,,,,,,,,,,
-117.04,32.73,,,,,,,,,,
-118.08,34.14,,,,,,,,,,
-121.07,39.2,,,,,,,,,,
-117.12,32.66,,,,,,,,,,
-118.13,34.13,,,,,,,,,,
-122.22,37.88,,,,,,,,,,
-122.52,37.93,,,,,,,,,,
-122.09,37.63,,,,,,,,,,
-117.97,33.82,,,,,,,,,,
-118.28,34.05,,,,,,,,,,
-118.39,33.79,,,,,,,,,,
-122.4,37.58,,,,,,,,,,
-118.26,34.06,,,,,,,,,,
-122.16,37.48,,,,,,,,,,
-117.43,34.11,,,,,,,,,,
-118.28,33.93,,,,,,,,,,
-118.37,33.95,,,,,,,,,,
-121.49,38.56,,,,,,,,,,
-121.8,38.55,,,,,,,,,,
-122.19,39.92,,,,,,,,,,
-118.01,33.84,,,,,,,,,,
-118.31,33.96,,,,,,,,,,
-121.06,39.22,,,,,,,,,,
-121.35,38.61,,,,,,,,,,
-118.31,33.99,,,,,,,,,,
-121.93,37.27,,,,,,,,,,
-117.31,33.17,,,,,,,,,,
-120.89,37.48,,,,,,,,,,
-119.47,35.14,,,,,,,,,,
-118.41,34.18,,,,,,,,,,
-119.81,36.7,,,,,,,,,,
-117.08,33.16,,,,,,,,,,
-119.27,35.87,,,,,,,,,,
-122.31,40.75,,,,,,,,,,
-117.2,33.29,,,,,,,,,,
-118.43,34.26,,,,,,,,,,
-121.52,39.51,,,,,,,,,,
-118.77,34.27,,,,,,,,,,
-124.1,40.95,,,,,,,,,,
-117.15,32.8,,,,,,,,,,
-118.37,34.16,,,,,,,,,,
-122.5,37.74,,,,,,,,,,
-120.92,39.56,,,,,,,,,,
-122.47,38.51,,,,,,,,,,
-117.89,33.61,,,,,,,,,,
-121.35,38.4,,,,,,,,,,
-117.92,34.12,,,,,,,,,,
-118.31,33.8,,,,,,,,,,
-120.35,37.04,,,,,,,,,,
-122,37.31,,,,,,,,,,
-118.01,33.95,,,,,,,,,,
-118.07,34.09,,,,,,,,,,
-117.5,33.92,,,,,,,,,,
-123.74,40.66,,,,,,,,,,
-122.03,37.91,,,,,,,,,,
-118.91,34.22,,,,,,,,,,
-117.96,34.14,,,,,,,,,,
-121.8,38.01,,,,,,,,,,
-122.29,37.53,,,,,,,,,,
-122.14,37.67,,,,,,,,,,
-117.85,33.79,,,,,,,,,,
-122.1,37.65,,,,,,,,,,
-122.12,37.91,,,,,,,,,,
-119.29,36.32,,,,,,,,,,
-117.4,34.01,,,,,,,,,,
-117.06,32.77,,,,,,,,,,
-118.3,34.25,,,,,,,,,,
-122.23,40.15,,,,,,,,,,
-117.91,33.82,,,,,,,,,,
-122.53,37.97,,,,,,,,,,
-121.79,37,,,,,,,,,,
-118.46,33.99,,,,,,,,,,
-118.03,33.97,,,,,,,,,,
-122.32,38,,,,,,,,,,
-118.28,34.17,,,,,,,,,,
-119.14,36.06,,,,,,,,,,
-117.13,34.07,,,,,,,,,,
-120.67,35.3,,,,,,,,,,
-118.06,34.12,,,,,,,,,,
-122.39,40.57,,,,,,,,,,
-118.39,33.88,,,,,,,,,,
-118.16,34.02,,,,,,,,,,
-122.58,37.98,,,,,,,,,,
-118.02,33.92,,,,,,,,,,
-119.7,34.4,,,,,,,,,,
-122.68,38.43,,,,,,,,,,
-121.35,38.59,,,,,,,,,,
-121.98,37.27,,,,,,,,,,
-118.08,34.58,,,,,,,,,,
-118.25,34.06,,,,,,,,,,
-122.25,37.82,,,,,,,,,,
-119.05,34.35,,,,,,,,,,
-117.54,33.76,,,,,,,,,,
-118.21,33.88,,,,,,,,,,
-117.2,32.79,,,,,,,,,,
-120.96,37.59,,,,,,,,,,
-118.24,34.01,,,,,,,,,,
-118.27,34,,,,,,,,,,
-122.25,37.89,,,,,,,,,,
-117.3,34.09,,,,,,,,,,
-120.91,37.74,,,,,,,,,,
-122.16,38.9,,,,,,,,,,
-118.31,33.89,,,,,,,,,,
-118.18,34.02,,,,,,,,,,
-117.97,33.75,,,,,,,,,,
-117.95,35.08,,,,,,,,,,
-118.03,33.91,,,,,,,,,,
-118.38,33.97,,,,,,,,,,
-119.82,36.72,,,,,,,,,,
-122.06,37.68,,,,,,,,,,
-122.41,40.55,,,,,,,,,,
-117.88,33.72,,,,,,,,,,
-120.8,38.31,,,,,,,,,,
-118.1,34.17,,,,,,,,,,
-118.09,34.12,,,,,,,,,,
-118.31,34.06,,,,,,,,,,
-118.02,33.8,,,,,,,,,,
-121.94,37.28,,,,,,,,,,
-117.95,34.08,,,,,,,,,,
-118.15,33.94,,,,,,,,,,
-121.81,37.99,,,,,,,,,,
-121.81,38.58,,,,,,,,,,
-121.28,38.77,,,,,,,,,,
-118.43,34.01,,,,,,,,,,
-121.38,38.59,,,,,,,,,,
-117.68,35.65,,,,,,,,,,
-117.69,33.58,,,,,,,,,,
-118.24,34,,,,,,,,,,
-117.7,33.6,,,,,,,,,,
-118.38,33.86,,,,,,,,,,
-117.05,32.61,,,,,,,,,,
-121.38,38.64,,,,,,,,,,
-117.1,32.74,,,,,,,,,,
-122.47,37.76,,,,,,,,,,
-117.84,33.76,,,,,,,,,,
-122.26,37.88,,,,,,,,,,
-118.4,33.87,,,,,,,,,,
-122.37,38.33,,,,,,,,,,
-117.98,34.01,,,,,,,,,,
-122.7,38.45,,,,,,,,,,
-118.41,33.97,,,,,,,,,,
-121.92,37.3,,,,,,,,,,
-122.11,37.37,,,,,,,,,,
-121.87,37.39,,,,,,,,,,
-120.18,39.14,,,,,,,,,,
-117.06,32.76,,,,,,,,,,
-117.24,33.93,,,,,,,,,,
-118.25,33.98,,,,,,,,,,
-117.8,33.68,,,,,,,,,,
-119.78,36.37,,,,,,,,,,
-117.04,32.7,,,,,,,,,,
-118.29,34,,,,,,,,,,
-118.36,34.06,,,,,,,,,,
-122.42,37.62,,,,,,,,,,
-118.42,34.25,,,,,,,,,,
-121.1,38.95,,,,,,,,,,
-117.74,34.05,,,,,,,,,,
-122.39,37.74,,,,,,,,,,
-118.37,34.08,,,,,,,,,,
-122.08,37.87,,,,,,,,,,
-118.44,34.2,,,,,,,,,,
-121.37,38.56,,,,,,,,,,
-122.1,37.93,,,,,,,,,,
-117.22,32.95,,,,,,,,,,
-122.13,37.46,,,,,,,,,,
-122.3,38.29,,,,,,,,,,
-123.41,40.61,,,,,,,,,,
-120.77,37.01,,,,,,,,,,
-118.8,34.41,,,,,,,,,,
-119.27,34.27,,,,,,,,,,
-122.47,37.74,,,,,,,,,,
-118.26,34.13,,,,,,,,,,
-119.77,36.76,,,,,,,,,,
-124.16,41.92,,,,,,,,,,
-119.03,36.13,,,,,,,,,,
-122.18,37.79,,,,,,,,,,
-123.85,39.39,,,,,,,,,,
-122.7,38.33,,,,,,,,,,
-118.1,33.85,,,,,,,,,,
-117.99,34.08,,,,,,,,,,
-121.93,37.73,,,,,,,,,,
-118.44,34.23,,,,,,,,,,
-118.32,34.26,,,,,,,,,,
-118.15,34.11,,,,,,,,,,
-117.74,34.04,,,,,,,,,,
-121.35,38.28,,,,,,,,,,
-122.75,39.01,,,,,,,,,,
-120.66,35.46,,,,,,,,,,
-122.62,38.92,,,,,,,,,,
-117.22,34.26,,,,,,,,,,
-117.92,33.75,,,,,,,,,,
-122.28,37.81,,,,,,,,,,
-118.12,33.81,,,,,,,,,,
-119.19,36.06,,,,,,,,,,
-117.97,34.07,,,,,,,,,,
-118.09,34.03,,,,,,,,,,
-121.93,37.28,,,,,,,,,,
-122.65,38.96,,,,,,,,,,
-122.49,37.75,,,,,,,,,,
-122.31,37.56,,,,,,,,,,
-121.27,38.14,,,,,,,,,,
-118.39,34.23,,,,,,,,,,
-118.39,34.07,,,,,,,,,,
-117.15,32.92,,,,,,,,,,
-122.09,37.38,,,,,,,,,,
-117.06,32.61,,,,,,,,,,
-122.33,37.91,,,,,,,,,,
-116.92,32.76,,,,,,,,,,
-116,34.12,,,,,,,,,,
-117.69,33.6,,,,,,,,,,
-117.23,33.91,,,,,,,,,,
-117.18,34.04,,,,,,,,,,
-121.33,38.28,,,,,,,,,,
-121.88,37.32,,,,,,,,,,
-122.52,37.97,,,,,,,,,,
-117.77,34.06,,,,,,,,,,
-121.01,37.72,,,,,,,,,,
-117.33,33.87,,,,,,,,,,
-118.24,33.97,,,,,,,,,,
-117.8,33.89,,,,,,,,,,
-119.62,36.56,,,,,,,,,,
-122.16,37.69,,,,,,,,,,
-117.97,33.8,,,,,,,,,,
-120.87,37.76,,,,,,,,,,
-120.46,37.31,,,,,,,,,,
-118.23,34.14,,,,,,,,,,
-121.07,38.66,,,,,,,,,,
-120.09,36.95,,,,,,,,,,
-118.21,33.96,,,,,,,,,,
-122.63,38.23,,,,,,,,,,
-119.4,36.25,,,,,,,,,,
-117.38,33.21,,,,,,,,,,
-117.25,32.8,,,,,,,,,,
-122.23,40.57,,,,,,,,,,
-121.23,38.79,,,,,,,,,,
-121.55,40.48,,,,,,,,,,
-117.89,33.92,,,,,,,,,,
-117.23,32.72,,,,,,,,,,
-117.92,33.79,,,,,,,,,,
-117.58,34.11,,,,,,,,,,
-120.85,38.69,,,,,,,,,,
-121.53,38.48,,,,,,,,,,
-117.21,32.82,,,,,,,,,,
-117.35,34.13,,,,,,,,,,
-118.17,33.79,,,,,,,,,,
-118.3,34.26,,,,,,,,,,
-118.02,33.83,,,,,,,,,,
-116.99,33.01,,,,,,,,,,
-122.56,38.01,,,,,,,,,,
-118.15,34.1,,,,,,,,,,
-117.93,33.73,,,,,,,,,,
-121.09,38.03,,,,,,,,,,
-116.66,33.09,,,,,,,,,,
-118.26,33.83,,,,,,,,,,
-117.94,33.93,,,,,,,,,,
-116.93,32.83,,,,,,,,,,
-122.29,37.85,,,,,,,,,,
-122.48,37.67,,,,,,,,,,
-119.33,36.31,,,,,,,,,,
-118.41,34.21,,,,,,,,,,
-119.5,34.35,,,,,,,,,,
-118.33,34.11,,,,,,,,,,
-118.3,34.1,,,,,,,,,,
-119.75,34.4,,,,,,,,,,
-120.94,39.32,,,,,,,,,,
-117.68,35.61,,,,,,,,,,
-122.27,38.12,,,,,,,,,,
-118.21,34.11,,,,,,,,,,
-117.23,33.1,,,,,,,,,,
-119.46,35.14,,,,,,,,,,
-119.78,36.76,,,,,,,,,,
-117.81,33.66,,,,,,,,,,
-119.29,34.31,,,,,,,,,,
-122.41,37.61,,,,,,,,,,
-120.32,37.29,,,,,,,,,,
-118.37,34.16,,,,,,,,,,
-122.05,37.05,,,,,,,,,,
-118.46,34.03,,,,,,,,,,
-117.12,32.76,,,,,,,,,,
-122.04,37.57,,,,,,,,,,
-121.97,37.36,,,,,,,,,,
-121.28,38.53,,,,,,,,,,
-119.09,35.3,,,,,,,,,,
-121.75,36.91,,,,,,,,,,
-121.86,38,,,,,,,,,,
-118.53,34.45,,,,,,,,,,
-117.94,33.81,,,,,,,,,,
-119.84,34.45,,,,,,,,,,
-118.24,33.91,,,,,,,,,,
-117.06,33.14,,,,,,,,,,
-120.98,37.67,,,,,,,,,,
-117.74,34.09,,,,,,,,,,
-118.18,34.01,,,,,,,,,,
-118.24,33.89,,,,,,,,,,
-123.08,40.4,,,,,,,,,,
-117.32,34.07,,,,,,,,,,
-118.24,33.85,,,,,,,,,,
-122.23,37.78,,,,,,,,,,
-121.18,38.78,,,,,,,,,,
-118.1,33.91,,,,,,,,,,
-121.97,38.04,,,,,,,,,,
-118.47,34,,,,,,,,,,
-119.31,36.39,,,,,,,,,,
-122.17,37.71,,,,,,,,,,
-122.49,37.68,,,,,,,,,,
-121.3,37.98,,,,,,,,,,
-121.37,38.57,,,,,,,,,,
-122.08,37.61,,,,,,,,,,
-117.11,32.57,,,,,,,,,,
-122.09,37.4,,,,,,,,,,
-122.01,36.98,,,,,,,,,,
-118.25,34,,,,,,,,,,
-117.83,33.66,,,,,,,,,,
-121.96,37.74,,,,,,,,,,
-119.81,36.73,,,,,,,,,,
-118.62,34.06,,,,,,,,,,
-122.35,37.96,,,,,,,,,,
-119.06,36.1,,,,,,,,,,
-122.47,37.75,,,,,,,,,,
-122.54,37.9,,,,,,,,,,
-119.73,36.76,,,,,,,,,,
-122.03,36.96,,,,,,,,,,
-119.75,36.78,,,,,,,,,,
-117.3,33.06,,,,,,,,,,
-121.99,36.96,,,,,,,,,,
-120.73,39.63,,,,,,,,,,
-118.48,34.03,,,,,,,,,,
-118.22,33.95,,,,,,,,,,
-118.24,33.97,,,,,,,,,,
-117.82,35.03,,,,,,,,,,
-117.02,32.7,,,,,,,,,,
-122.35,37.94,,,,,,,,,,
-119.8,36.78,,,,,,,,,,
-122.19,37.48,,,,,,,,,,
-122.38,37.59,,,,,,,,,,
-122.15,37.75,,,,,,,,,,
-119.35,36.19,,,,,,,,,,
-120.45,34.95,,,,,,,,,,
-122.28,38.29,,,,,,,,,,
-122.26,37.84,,,,,,,,,,
-122.3,37.81,,,,,,,,,,
-118.22,33.9,,,,,,,,,,
-117.67,33.64,,,,,,,,,,
-122.02,37.01,,,,,,,,,,
-117.38,33.19,,,,,,,,,,
-118.01,34.08,,,,,,,,,,
-118.6,34.13,,,,,,,,,,
-118.52,34.2,,,,,,,,,,
-118.42,34.27,,,,,,,,,,
-122.08,37.71,,,,,,,,,,
-117.65,33.57,,,,,,,,,,
-120.54,37.68,,,,,,,,,,
-118.31,34.05,,,,,,,,,,
-122.42,37.6,,,,,,,,,,
-118.18,33.98,,,,,,,,,,
-121.25,36.32,,,,,,,,,,
-118.17,34.69,,,,,,,,,,
-120.33,39.3,,,,,,,,,,
-118.38,34.06,,,,,,,,,,
-119.78,36.73,,,,,,,,,,
-118.33,33.97,,,,,,,,,,
-118.37,34.06,,,,,,,,,,
-119,35.39,,,,,,,,,,
-117.95,33.87,,,,,,,,,,
-118.38,34.58,,,,,,,,,,
-118.29,34.08,,,,,,,,,,
-120.97,37.68,,,,,,,,,,
-122.28,37.87,,,,,,,,,,
-118.14,33.88,,,,,,,,,,
-122.06,37.38,,,,,,,,,,
-118.54,34.27,,,,,,,,,,
-117.88,33.84,,,,,,,,,,
-118.3,34.19,,,,,,,,,,
-117.84,33.8,,,,,,,,,,
-121.27,38.65,,,,,,,,,,
-117.88,33.87,,,,,,,,,,
-119.88,34.42,,,,,,,,,,
-118.48,34.01,,,,,,,,,,
-116.95,33.86,,,,,,,,,,
-117.67,33.51,,,,,,,,,,
-118.35,34.04,,,,,,,,,,
-124.16,40.8,,,,,,,,,,
-118.35,34.05,,,,,,,,,,
-119.08,34.35,,,,,,,,,,
-122.51,37.78,,,,,,,,,,
-118.36,34.14,,,,,,,,,,
-121.96,37.55,,,,,,,,,,
-117.19,32.77,,,,,,,,,,
-118.09,33.89,,,,,,,,,,
-121.76,36.9,,,,,,,,,,
-118.14,33.92,,,,,,,,,,
-119.06,34.36,,,,,,,,,,
-118.12,34.16,,,,,,,,,,
-117.8,34.15,,,,,,,,,,
-120.04,39.24,,,,,,,,,,
-121.47,38.48,,,,,,,,,,
-122.27,37.54,,,,,,,,,,
-122.02,37.54,,,,,,,,,,
-121.38,38.4,,,,,,,,,,
-122.04,37.35,,,,,,,,,,
-117.12,32.76,,,,,,,,,,
-117.34,34.18,,,,,,,,,,
-121.02,37.67,,,,,,,,,,
-119.06,34.38,,,,,,,,,,
-118.16,33.91,,,,,,,,,,
-121.92,37.34,,,,,,,,,,
-119.03,34.21,,,,,,,,,,
-121.96,37.34,,,,,,,,,,
-114.61,33.62,,,,,,,,,,
-117.27,33.15,,,,,,,,,,
-121.37,38.62,,,,,,,,,,
-118.18,33.82,,,,,,,,,,
-118.02,33.77,,,,,,,,,,
-120.05,34.47,,,,,,,,,,
-118.25,34.01,,,,,,,,,,
-119.54,38.51,,,,,,,,,,
-117.27,34.5,,,,,,,,,,
-121.96,36.99,,,,,,,,,,
-118.19,34.04,,,,,,,,,,
-121.28,37.95,,,,,,,,,,
-117.96,33.79,,,,,,,,,,
-118.44,34.17,,,,,,,,,,
-122.31,37.52,,,,,,,,,,
-117.97,33.92,,,,,,,,,,
-117.71,34.05,,,,,,,,,,
-118.42,34.02,,,,,,,,,,
-120.25,37.11,,,,,,,,,,
-121.35,38.51,,,,,,,,,,
-120.25,38.55,,,,,,,,,,
-118.02,34.02,,,,,,,,,,
-120.66,35.26,,,,,,,,,,
-120.66,40.42,,,,,,,,,,
-118.15,35.06,,,,,,,,,,
-122.51,37.78,,,,,,,,,,
-120.46,34.65,,,,,,,,,,
-117.93,33.93,,,,,,,,,,
-118.21,33.97,,,,,,,,,,
-120.18,34.62,,,,,,,,,,
-122.14,37.43,,,,,,,,,,
-123.11,40.6,,,,,,,,,,
-117.94,33.84,,,,,,,,,,
-122.75,38.48,,,,,,,,,,
-121.61,37.15,,,,,,,,,,
-122.42,40.6,,,,,,,,,,
-119.16,34.95,,,,,,,,,,
-118.63,34.24,,,,,,,,,,
-121.95,36.98,,,,,,,,,,
-117.25,32.79,,,,,,,,,,
-119.18,34.22,,,,,,,,,,
-117.26,32.82,,,,,,,,,,
-117.07,32.79,,,,,,,,,,
-116.76,34.23,,,,,,,,,,
-118.25,34.13,,,,,,,,,,
-117.28,34.26,,,,,,,,,,
-122.57,38.11,,,,,,,,,,
-122.45,37.79,,,,,,,,,,
-117.77,33.71,,,,,,,,,,
-119.44,36.61,,,,,,,,,,
-118.32,33.93,,,,,,,,,,
-118.22,33.79,,,,,,,,,,
-122.65,38.48,,,,,,,,,,
-121.23,37.96,,,,,,,,,,
-117.86,34.09,,,,,,,,,,
-122.06,37.86,,,,,,,,,,
-117.36,34.1,,,,,,,,,,
-117.3,34.1,,,,,,,,,,
-122.14,38.03,,,,,,,,,,
-121.64,36.8,,,,,,,,,,
-122.24,38.01,,,,,,,,,,
-116.86,34.31,,,,,,,,,,
-122.71,37.88,,,,,,,,,,
-117.09,32.56,,,,,,,,,,
-122.25,37.47,,,,,,,,,,
-118.12,33.77,,,,,,,,,,
-120.96,37.67,,,,,,,,,,
-119.3,36.32,,,,,,,,,,
-117.39,33.96,,,,,,,,,,
-121,37.6,,,,,,,,,,
-117.09,32.64,,,,,,,,,,
-122.05,37.93,,,,,,,,,,
-120.43,34.87,,,,,,,,,,
-122.09,37.69,,,,,,,,,,
-118.46,34.01,,,,,,,,,,
-121.98,37.37,,,,,,,,,,
-121.97,37.76,,,,,,,,,,
-117.81,33.83,,,,,,,,,,
-118.16,33.89,,,,,,,,,,
-115.57,32.78,,,,,,,,,,
-117.62,33.42,,,,,,,,,,
-121.51,38.56,,,,,,,,,,
-117.11,32.75,,,,,,,,,,
-122.46,37.72,,,,,,,,,,
-122.01,37.58,,,,,,,,,,
-116.85,34.26,,,,,,,,,,
-122.18,37.15,,,,,,,,,,
-116.95,32.82,,,,,,,,,,
-117.23,32.74,,,,,,,,,,
-117.84,34.11,,,,,,,,,,
-122.49,37.76,,,,,,,,,,
-117.93,33.71,,,,,,,,,,
-118.18,33.74,,,,,,,,,,
-118.08,33.92,,,,,,,,,,
-118.3,34.01,,,,,,,,,,
-122.17,39.31,,,,,,,,,,
-117.14,32.75,,,,,,,,,,
-117.94,34.04,,,,,,,,,,
-121.74,37.19,,,,,,,,,,
-118.36,33.81,,,,,,,,,,
-122.44,37.78,,,,,,,,,,
-118.19,33.81,,,,,,,,,,
-117.29,33.19,,,,,,,,,,
-117.24,32.85,,,,,,,,,,
-117.24,32.8,,,,,,,,,,
-120.98,38.66,,,,,,,,,,
-119.63,36.76,,,,,,,,,,
-121.65,37.12,,,,,,,,,,
-121.9,37.44,,,,,,,,,,
-122.11,37.7,,,,,,,,,,
-118.29,33.95,,,,,,,,,,
-117.76,34.06,,,,,,,,,,
-118.32,34.08,,,,,,,,,,
-117.08,32.72,,,,,,,,,,
-117.13,32.79,,,,,,,,,,
-121.94,36.98,,,,,,,,,,
-118.23,33.96,,,,,,,,,,
-121.98,37.36,,,,,,,,,,
-118.28,34.12,,,,,,,,,,
-122.13,37.15,,,,,,,,,,
-118.2,33.78,,,,,,,,,,
-117.73,34.12,,,,,,,,,,
-117.99,33.69,,,,,,,,,,
-117.94,34.06,,,,,,,,,,
-117.39,34.11,,,,,,,,,,
-122,38.35,,,,,,,,,,
-120.98,37.59,,,,,,,,,,
-118.26,34.12,,,,,,,,,,
-122.16,37.68,,,,,,,,,,
-118.12,33.83,,,,,,,,,,
-117.88,33.79,,,,,,,,,,
-122.41,37.71,,,,,,,,,,
-122.39,37.73,,,,,,,,,,
-121.93,36.63,,,,,,,,,,
-120.31,38.02,,,,,,,,,,
-122.47,37.61,,,,,,,,,,
-117.68,34,,,,,,,,,,
-122.28,37.85,,,,,,,,,,
-117.18,32.92,,,,,,,,,,
-117.7,33.6,,,,,,,,,,
-122.48,37.75,,,,,,,,,,
-117.15,32.74,,,,,,,,,,
-119.9,36.79,,,,,,,,,,
-117.19,32.78,,,,,,,,,,
-118.39,34.03,,,,,,,,,,
-117.78,33.68,,,,,,,,,,
-119.67,36.65,,,,,,,,,,
-118.26,34.02,,,,,,,,,,
-122.24,38.01,,,,,,,,,,
-122.25,38.16,,,,,,,,,,
-117.32,33.8,,,,,,,,,,
-118.21,34.06,,,,,,,,,,
-119.77,36.8,,,,,,,,,,
-121.86,37.41,,,,,,,,,,
-117.97,33.88,,,,,,,,,,
-121.84,39.72,,,,,,,,,,
-118.51,34.2,,,,,,,,,,
-117.93,33.78,,,,,,,,,,
-117.75,33.61,,,,,,,,,,
-121.46,38.7,,,,,,,,,,
-119.28,36.32,,,,,,,,,,
-118.74,34.28,,,,,,,,,,
-119.33,36.19,,,,,,,,,,
-118.75,34.27,,,,,,,,,,
-118.21,33.93,,,,,,,,,,
-122.37,37.96,,,,,,,,,,
-121.98,37.28,,,,,,,,,,
-117.03,32.61,,,,,,,,,,
-117.28,34.41,,,,,,,,,,
-118.02,34.13,,,,,,,,,,
-117.9,34.06,,,,,,,,,,
-118.47,34.24,,,,,,,,,,
-122.49,37.86,,,,,,,,,,
-121.44,38.68,,,,,,,,,,
-118.36,34.2,,,,,,,,,,
-117.28,33.06,,,,,,,,,,
-122.43,37.73,,,,,,,,,,
-118.13,34.13,,,,,,,,,,
-118.05,33.95,,,,,,,,,,
-121.99,38.26,,,,,,,,,,
-122.47,37.78,,,,,,,,,,
-121.27,38.66,,,,,,,,,,
-122.24,37.81,,,,,,,,,,
-121.44,38.47,,,,,,,,,,
-118.12,33.77,,,,,,,,,,
-117.98,33.94,,,,,,,,,,
-118.07,34.16,,,,,,,,,,
-118.19,34.14,,,,,,,,,,
-118.21,34.12,,,,,,,,,,
-121.92,36.63,,,,,,,,,,
-117.97,33.84,,,,,,,,,,
-118.41,33.99,,,,,,,,,,
-119.44,36.6,,,,,,,,,,
-122.7,39.14,,,,,,,,,,
-122.3,37.56,,,,,,,,,,
-121.99,37.54,,,,,,,,,,
-118.38,33.98,,,,,,,,,,
-117.98,33.83,,,,,,,,,,
-117.96,33.68,,,,,,,,,,
-117.64,33.66,,,,,,,,,,
-121.29,37.33,,,,,,,,,,
-122.44,37.77,,,,,,,,,,
-118.33,33.98,,,,,,,,,,
-121.29,37.99,,,,,,,,,,
-121.8,37.35,,,,,,,,,,
-119.29,36.53,,,,,,,,,,
-118.11,34.03,,,,,,,,,,
-121.87,37.42,,,,,,,,,,
-122.09,37.7,,,,,,,,,,
-122.29,37.87,,,,,,,,,,
-117.11,32.66,,,,,,,,,,
-121.9,37.39,,,,,,,,,,
-117.52,33.88,,,,,,,,,,
-121.47,38.7,,,,,,,,,,
-122.28,37.52,,,,,,,,,,
-118.41,34.25,,,,,,,,,,
-122.25,37.8,,,,,,,,,,
-119.05,34.24,,,,,,,,,,
-118.26,34.06,,,,,,,,,,
-117.09,32.7,,,,,,,,,,
-117.39,34.07,,,,,,,,,,
-122.22,37.79,,,,,,,,,,
-118.43,34.04,,,,,,,,,,
-117.56,33.88,,,,,,,,,,
-118.13,34.16,,,,,,,,,,
-122.21,37.47,,,,,,,,,,
-118.08,33.78,,,,,,,,,,
-118.23,34.21,,,,,,,,,,
-117.23,32.73,,,,,,,,,,
-118.19,33.77,,,,,,,,,,
-117.17,32.81,,,,,,,,,,
-122,36.97,,,,,,,,,,
-120.61,35.12,,,,,,,,,,
-118.17,33.83,,,,,,,,,,
-117.86,33.89,,,,,,,,,,
-118.51,34.22,,,,,,,,,,
-118.26,33.9,,,,,,,,,,
-118.02,34.04,,,,,,,,,,
-118.37,34.1,,,,,,,,,,
-117.99,33.79,,,,,,,,,,
-122.42,37.71,,,,,,,,,,
-117.25,33.93,,,,,,,,,,
-122.04,37.85,,,,,,,,,,
-117.23,32.87,,,,,,,,,,
-117.16,32.81,,,,,,,,,,
-118.09,33.9,,,,,,,,,,
-118.08,34.07,,,,,,,,,,
-117.09,32.79,,,,,,,,,,
-121.66,37.13,,,,,,,,,,
-118.24,33.96,,,,,,,,,,
-122.02,37.53,,,,,,,,,,
-117.82,33.9,,,,,,,,,,
-118.21,33.94,,,,,,,,,,
-117.88,34,,,,,,,,,,
-118.11,33.86,,,,,,,,,,
-118.86,34.07,,,,,,,,,,
-122.49,38.32,,,,,,,,,,
-121.66,39.66,,,,,,,,,,
-122.33,37.93,,,,,,,,,,
-117.28,33.2,,,,,,,,,,
-122.16,37.72,,,,,,,,,,
-117.85,34.12,,,,,,,,,,
-119.26,35.5,,,,,,,,,,
-123.35,40.99,,,,,,,,,,
-118.14,34.16,,,,,,,,,,
-118.39,34.23,,,,,,,,,,
-117.03,32.79,,,,,,,,,,
-117.84,33.8,,,,,,,,,,
-116.69,33.5,,,,,,,,,,
-121.09,37.61,,,,,,,,,,
-117.14,32.76,,,,,,,,,,
-122.69,38.46,,,,,,,,,,
-121.13,38.55,,,,,,,,,,
-121.87,37.27,,,,,,,,,,
-117.91,33.66,,,,,,,,,,
-121.94,37.34,,,,,,,,,,
-121.83,37.95,,,,,,,,,,
-124.17,41.8,,,,,,,,,,
-118.33,34.06,,,,,,,,,,
-118.24,33.8,,,,,,,,,,
-122.59,38.12,,,,,,,,,,
-122.48,37.71,,,,,,,,,,
-120.73,37.38,,,,,,,,,,
-117.04,32.62,,,,,,,,,,
-118.44,34.27,,,,,,,,,,
-121,37.61,,,,,,,,,,
-117.84,33.89,,,,,,,,,,
-122.25,37.77,,,,,,,,,,
-118.36,34.1,,,,,,,,,,
-116.92,32.79,,,,,,,,,,
-121.94,38.35,,,,,,,,,,
-120.87,35.41,,,,,,,,,,
-118.1,33.83,,,,,,,,,,
-117.99,34.07,,,,,,,,,,
-121.49,37.94,,,,,,,,,,
-119.63,36.32,,,,,,,,,,
-121.89,39.76,,,,,,,,,,
-117.11,32.76,,,,,,,,,,
-118.14,34.07,,,,,,,,,,
-118.26,33.95,,,,,,,,,,
-122.35,40.56,,,,,,,,,,
-118.26,34.06,,,,,,,,,,
-117.82,33.71,,,,,,,,,,
-119.98,38.96,,,,,,,,,,
-118.43,34.09,,,,,,,,,,
-117.14,32.75,,,,,,,,,,
-118.47,34.3,,,,,,,,,,
-121.78,38.68,,,,,,,,,,
-122.28,37.8,,,,,,,,,,
-117.21,32.8,,,,,,,,,,
-121.46,38.54,,,,,,,,,,
-121.13,36.21,,,,,,,,,,
-122.53,37.97,,,,,,,,,,
-122.35,37.92,,,,,,,,,,
-122.12,37.28,,,,,,,,,,
-121.32,38.26,,,,,,,,,,
-121.91,36.62,,,,,,,,,,
-117.81,33.71,,,,,,,,,,
-119.71,36.81,,,,,,,,,,
-119.19,34.17,,,,,,,,,,
-117.82,33.79,,,,,,,,,,
-118.27,34.16,,,,,,,,,,
-118.33,34.1,,,,,,,,,,
-122.29,37.91,,,,,,,,,,
-118.02,33.82,,,,,,,,,,
-118.22,33.96,,,,,,,,,,
-116.89,32.82,,,,,,,,,,
-117.95,33.86,,,,,,,,,,
-122.27,37.48,,,,,,,,,,
-120.51,39.52,,,,,,,,,,
-118.42,34.09,,,,,,,,,,
-119.5,35.27,,,,,,,,,,
-122.91,39.07,,,,,,,,,,
-122.46,37.77,,,,,,,,,,
-121.54,36.99,,,,,,,,,,
-118.45,34.19,,,,,,,,,,
-117.95,34.05,,,,,,,,,,
-120.56,35.48,,,,,,,,,,
-122.46,37.65,,,,,,,,,,
-117.85,33.76,,,,,,,,,,
-118.21,33.92,,,,,,,,,,
-118.17,33.98,,,,,,,,,,
-121.79,37.34,,,,,,,,,,
-117.98,33.83,,,,,,,,,,
-118.43,34.3,,,,,,,,,,
-121.69,39.36,,,,,,,,,,
-117.27,33.77,,,,,,,,,,
-122.41,37.59,,,,,,,,,,
-117.48,34.1,,,,,,,,,,
-117.06,32.7,,,,,,,,,,
-121.92,36.63,,,,,,,,,,
-120.44,37.31,,,,,,,,,,
-117.18,32.7,,,,,,,,,,
-121.57,39.12,,,,,,,,,,
-122.21,37.79,,,,,,,,,,
-118.91,35.3,,,,,,,,,,
-121.95,37.32,,,,,,,,,,
-121.35,38.68,,,,,,,,,,
-121.28,38.76,,,,,,,,,,
-118.35,33.89,,,,,,,,,,
-121.98,37.97,,,,,,,,,,
-120.02,38.92,,,,,,,,,,
-122.28,37.77,,,,,,,,,,
-118.06,34.58,,,,,,,,,,
-119.02,35.38,,,,,,,,,,
-122.43,37.79,,,,,,,,,,
-118.07,33.86,,,,,,,,,,
-122.3,38,,,,,,,,,,
-117.17,33.28,,,,,,,,,,
-117.3,34.14,,,,,,,,,,
-117.71,33.6,,,,,,,,,,
-122.5,37.78,,,,,,,,,,
-122.72,38.45,,,,,,,,,,
-118.43,34.18,,,,,,,,,,
-118.03,33.97,,,,,,,,,,
-118.42,33.99,,,,,,,,,,
-118.29,33.96,,,,,,,,,,
-117.98,33.73,,,,,,,,,,
-121.91,39.14,,,,,,,,,,
-119.59,36.64,,,,,,,,,,
-118.33,34.11,,,,,,,,,,
-120.63,38.75,,,,,,,,,,
-122.12,37.75,,,,,,,,,,
-118.35,33.95,,,,,,,,,,
-120.44,34.96,,,,,,,,,,
-117.08,33.12,,,,,,,,,,
-121.27,38.61,,,,,,,,,,
-120.07,36.96,,,,,,,,,,
-117.66,34.06,,,,,,,,,,
-117.06,33.01,,,,,,,,,,
-117.92,33.73,,,,,,,,,,
-117.93,33.92,,,,,,,,,,
-122.59,38.92,,,,,,,,,,
-118.14,33.84,,,,,,,,,,
-120.79,37.08,,,,,,,,,,
-117.6,34.11,,,,,,,,,,
-122.02,37.55,,,,,,,,,,
-118.14,33.97,,,,,,,,,,
-122.31,37.54,,,,,,,,,,
-122.26,37.83,,,,,,,,,,
-121.88,37.68,,,,,,,,,,
-122.53,37.94,,,,,,,,,,
-117.71,33.63,,,,,,,,,,
-120.1,39.19,,,,,,,,,,
-117.77,33.72,,,,,,,,,,
-118.01,33.84,,,,,,,,,,
-122.19,37.71,,,,,,,,,,
-120.36,38.21,,,,,,,,,,
-117.32,34.03,,,,,,,,,,
-117.71,34.02,,,,,,,,,,
-118.26,33.91,,,,,,,,,,
-121.94,36.58,,,,,,,,,,
-121.76,37.69,,,,,,,,,,
-121.94,36.55,,,,,,,,,,
-122.64,38.01,,,,,,,,,,
-119.34,36.34,,,,,,,,,,
-122.06,37.27,,,,,,,,,,
-117.94,33.73,,,,,,,,,,
-118.44,33.98,,,,,,,,,,
-117.69,34.01,,,,,,,,,,
-117.87,34.15,,,,,,,,,,
-119.69,36.38,,,,,,,,,,
-122.28,38,,,,,,,,,,
-118.33,34.04,,,,,,,,,,
-118.17,34.07,,,,,,,,,,
-117.95,34.14,,,,,,,,,,
-118.28,33.79,,,,,,,,,,
-120.86,37.69,,,,,,,,,,
-120.15,39.17,,,,,,,,,,
-117.05,32.71,,,,,,,,,,
-121.44,38.52,,,,,,,,,,
-118.5,34.19,,,,,,,,,,
-121.44,37.76,,,,,,,,,,
-121.95,37.37,,,,,,,,,,
-122.43,37.77,,,,,,,,,,
-118.28,34.01,,,,,,,,,,
-118.28,33.84,,,,,,,,,,
-118.33,34.04,,,,,,,,,,
-118.27,33.95,,,,,,,,,,
-120.42,34.91,,,,,,,,,,
-117.1,32.83,,,,,,,,,,
-121.89,36.89,,,,,,,,,,
-118.22,33.96,,,,,,,,,,
-117.27,33.02,,,,,,,,,,
-121.29,38.68,,,,,,,,,,
-121.95,37.31,,,,,,,,,,
-118.96,35.37,,,,,,,,,,
-121.88,36.58,,,,,,,,,,
-117.25,34.41,,,,,,,,,,
-118.38,33.77,,,,,,,,,,
-114.55,32.8,,,,,,,,,,
-119.81,34.44,,,,,,,,,,
-117.12,33.49,,,,,,,,,,
-118.32,33.8,,,,,,,,,,
-122.18,37.73,,,,,,,,,,
-118.1,34.13,,,,,,,,,,
-122.27,40.39,,,,,,,,,,
-121.94,37.73,,,,,,,,,,
-121.29,38.63,,,,,,,,,,
-117.59,33.44,,,,,,,,,,
-118.44,34.19,,,,,,,,,,
-118.15,34.03,,,,,,,,,,
-116.48,33.8,,,,,,,,,,
-118.41,33.98,,,,,,,,,,
-121.05,37.65,,,,,,,,,,
-122.42,37.8,,,,,,,,,,
-117.31,34.11,,,,,,,,,,
-116.99,32.76,,,,,,,,,,
-122.11,37.89,,,,,,,,,,
-122.27,37.8,,,,,,,,,,
-121.87,37.38,,,,,,,,,,
-118.2,33.77,,,,,,,,,,
-117.12,32.57,,,,,,,,,,
-118.33,34,,,,,,,,,,
-117.17,32.82,,,,,,,,,,
-120.36,40.45,,,,,,,,,,
-116.52,33.81,,,,,,,,,,
-119.82,36.77,,,,,,,,,,
-118.35,33.87,,,,,,,,,,
-117.34,34.49,,,,,,,,,,
-118.55,34.17,,,,,,,,,,
-122.11,38.09,,,,,,,,,,
-122.26,37.56,,,,,,,,,,
-121.35,38.66,,,,,,,,,,
-118.21,34.04,,,,,,,,,,
-118.34,34.07,,,,,,,,,,
-117.88,34.13,,,,,,,,,,
-117.87,33.84,,,,,,,,,,
-117.34,34.08,,,,,,,,,,
-118.33,34.02,,,,,,,,,,
-118.33,33.79,,,,,,,,,,
-119.29,35.76,,,,,,,,,,
-117.09,32.62,,,,,,,,,,
-121.81,37.25,,,,,,,,,,
-120.29,37.94,,,,,,,,,,
-120.7,35.14,,,,,,,,,,
-118.17,34.06,,,,,,,,,,
-117.99,33.93,,,,,,,,,,
-118.25,34.22,,,,,,,,,,
-118.11,33.83,,,,,,,,,,
-122.04,37.33,,,,,,,,,,
-119.67,36.57,,,,,,,,,,
-119.56,36.71,,,,,,,,,,
-122.35,37.96,,,,,,,,,,
-117.08,32.58,,,,,,,,,,
-118.61,34.2,,,,,,,,,,
-118.24,34.14,,,,,,,,,,
-118.4,34.03,,,,,,,,,,
-116.98,33.26,,,,,,,,,,
-117.93,33.68,,,,,,,,,,
-122.25,37.47,,,,,,,,,,
-118.19,33.84,,,,,,,,,,
-118.45,34.32,,,,,,,,,,
-122.14,39.97,,,,,,,,,,
-118.3,34.02,,,,,,,,,,
-117.9,33.73,,,,,,,,,,
-121.58,39.15,,,,,,,,,,
-121.95,38.35,,,,,,,,,,
-117.69,34.07,,,,,,,,,,
-117.08,32.74,,,,,,,,,,
-118.29,34,,,,,,,,,,
-123.8,39.46,,,,,,,,,,
-119.12,35.33,,,,,,,,,,
-121.8,37.34,,,,,,,,,,
-117.09,32.75,,,,,,,,,,
-122.13,37.43,,,,,,,,,,
-117.98,33.76,,,,,,,,,,
-122.33,37.94,,,,,,,,,,
-121.44,38.54,,,,,,,,,,
-118.02,33.7,,,,,,,,,,
-117.88,33.84,,,,,,,,,,
-120.46,37.31,,,,,,,,,,
-118.31,33.72,,,,,,,,,,
-117.82,33.67,,,,,,,,,,
-117.99,33.87,,,,,,,,,,
-119.8,36.86,,,,,,,,,,
-121.47,38.58,,,,,,,,,,
-117.6,33.87,,,,,,,,,,
-117.1,32.75,,,,,,,,,,
-117.88,33.76,,,,,,,,,,
-118.35,33.99,,,,,,,,,,
-121.81,37.31,,,,,,,,,,
-120.43,34.9,,,,,,,,,,
-118.19,34.05,,,,,,,,,,
-117.89,33.91,,,,,,,,,,
-118.27,34.02,,,,,,,,,,
-116.73,34.52,,,,,,,,,,
-121.5,38.52,,,,,,,,,,
-120.61,35.12,,,,,,,,,,
-120.63,36.98,,,,,,,,,,
-117.06,32.59,,,,,,,,,,
-119.02,35.42,,,,,,,,,,
-118.14,34.03,,,,,,,,,,
-118.31,33.73,,,,,,,,,,
-121.94,38.37,,,,,,,,,,
-122.51,37.92,,,,,,,,,,
-119.45,36.16,,,,,,,,,,
-118.19,33.97,,,,,,,,,,
-116.71,33.75,,,,,,,,,,
-118.28,33.99,,,,,,,,,,
-118.12,33.85,,,,,,,,,,
-122.53,37.63,,,,,,,,,,
-121.06,37.73,,,,,,,,,,
-120.88,38.45,,,,,,,,,,
-117.11,32.58,,,,,,,,,,
-117.9,33.65,,,,,,,,,,
-121.87,37.66,,,,,,,,,,
-121.3,37.96,,,,,,,,,,
-117.8,33.85,,,,,,,,,,
-118.55,34.2,,,,,,,,,,
-118.44,34.24,,,,,,,,,,
-117.91,33.88,,,,,,,,,,
-118.51,34.23,,,,,,,,,,
-119.15,34.17,,,,,,,,,,
-122.08,37.9,,,,,,,,,,
-122.41,37.71,,,,,,,,,,
-122.22,37.47,,,,,,,,,,
-117.87,33.92,,,,,,,,,,
-122,36.97,,,,,,,,,,
-117.07,32.6,,,,,,,,,,
-118.16,34.06,,,,,,,,,,
-117.05,33.03,,,,,,,,,,
-117.24,33.2,,,,,,,,,,
-119.73,34.45,,,,,,,,,,
-117.32,33.17,,,,,,,,,,
-121.83,37.27,,,,,,,,,,
-122.32,40.42,,,,,,,,,,
-121.77,36.94,,,,,,,,,,
-118.27,33.79,,,,,,,,,,
-117.93,33.83,,,,,,,,,,
-117.11,32.82,,,,,,,,,,
-119.23,35.74,,,,,,,,,,
-122.47,37.71,,,,,,,,,,
-121.93,36.63,,,,,,,,,,
-117.28,33.02,,,,,,,,,,
-118.99,35.24,,,,,,,,,,
-119.14,36.23,,,,,,,,,,
-122.42,40.59,,,,,,,,,,
-117.09,32.66,,,,,,,,,,
-118.14,34.7,,,,,,,,,,
-122.04,36.98,,,,,,,,,,
-117.02,32.8,,,,,,,,,,
-117.29,34.49,,,,,,,,,,
-122.09,37.21,,,,,,,,,,
-121.01,37.65,,,,,,,,,,
-116.77,33.08,,,,,,,,,,
-121.96,37.34,,,,,,,,,,
-119.7,34.42,,,,,,,,,,
-119.46,35.17,,,,,,,,,,
-122.01,37.3,,,,,,,,,,
-118.06,33.83,,,,,,,,,,
-118.4,34.19,,,,,,,,,,
-119.63,34.44,,,,,,,,,,
-117.89,33.77,,,,,,,,,,
-119.54,36.52,,,,,,,,,,
-118.43,34.17,,,,,,,,,,
-117.1,32.58,,,,,,,,,,
-122.28,37.79,,,,,,,,,,
-118.32,34.11,,,,,,,,,,
-118.42,34.02,,,,,,,,,,
-119.56,36.51,,,,,,,,,,
-122.42,37.78,,,,,,,,,,
-120.91,37.73,,,,,,,,,,
-122.08,37.59,,,,,,,,,,
-121.77,37.31,,,,,,,,,,
-117.05,33.03,,,,,,,,,,
-121.95,37.26,,,,,,,,,,
-119.03,35.42,,,,,,,,,,
-121.53,38.6,,,,,,,,,,
-118.16,33.96,,,,,,,,,,
-121.89,36.6,,,,,,,,,,
-117.07,33.67,,,,,,,,,,
-122.39,37.59,,,,,,,,,,
-118.44,34.05,,,,,,,,,,
-121.35,38.04,,,,,,,,,,
-122.42,37.76,,,,,,,,,,
-118.02,33.94,,,,,,,,,,
-121.32,38.03,,,,,,,,,,
-118.38,34.05,,,,,,,,,,
-119.29,36.54,,,,,,,,,,
-117.76,33.54,,,,,,,,,,
-122.29,38.29,,,,,,,,,,
-117.8,33.81,,,,,,,,,,
-121.95,37.35,,,,,,,,,,
-117.87,33.99,,,,,,,,,,
-121.46,38.56,,,,,,,,,,
-117.99,34.08,,,,,,,,,,
-121.53,38.5,,,,,,,,,,
-121.14,37.52,,,,,,,,,,
-118.29,33.89,,,,,,,,,,
-117.1,33.09,,,,,,,,,,
-123.2,39.23,,,,,,,,,,
-117.12,32.76,,,,,,,,,,
-120.44,34.96,,,,,,,,,,
-115.56,32.78,,,,,,,,,,
-121.47,38.56,,,,,,,,,,
-121.68,37.93,,,,,,,,,,
-118.1,34.14,,,,,,,,,,
-118.43,34.22,,,,,,,,,,
-120.97,37.66,,,,,,,,,,
-119.34,34.39,,,,,,,,,,
-118.5,34.2,,,,,,,,,,
-120.98,38.67,,,,,,,,,,
-118.35,34,,,,,,,,,,
-122.49,38.22,,,,,,,,,,
-118.32,33.97,,,,,,,,,,
-117.13,32.69,,,,,,,,,,
-117.03,33,,,,,,,,,,
-122.26,38.02,,,,,,,,,,
-117.27,32.85,,,,,,,,,,
-117.94,33.86,,,,,,,,,,
-119.31,34.7,,,,,,,,,,
-122.1,37.61,,,,,,,,,,
-118,33.9,,,,,,,,,,
-117.37,33.98,,,,,,,,,,
-121.52,38.65,,,,,,,,,,
-118.46,34.07,,,,,,,,,,
-118.04,34.07,,,,,,,,,,
-118.08,33.88,,,,,,,,,,
-122.43,37.8,,,,,,,,,,
-119.29,34.37,,,,,,,,,,
-122.04,37,,,,,,,,,,
-115.57,32.79,,,,,,,,,,
-117.56,34.42,,,,,,,,,,
-120.63,38.68,,,,,,,,,,
-118.32,34.09,,,,,,,,,,
-118.35,34.08,,,,,,,,,,
-122.27,37.51,,,,,,,,,,
-119.06,35.33,,,,,,,,,,
-117.15,32.9,,,,,,,,,,
-122.47,37.76,,,,,,,,,,
-122.03,37.31,,,,,,,,,,
-119.31,36.32,,,,,,,,,,
-120.58,38.77,,,,,,,,,,
-117.21,34.49,,,,,,,,,,
-122.08,37.65,,,,,,,,,,
-122.25,40.15,,,,,,,,,,
-118.21,34.14,,,,,,,,,,
-122.14,37.73,,,,,,,,,,
-121.59,39.77,,,,,,,,,,
-122.19,37.47,,,,,,,,,,
-120.44,34.95,,,,,,,,,,
-121.78,37.31,,,,,,,,,,
-118.24,34.2,,,,,,,,,,
-121.57,39.16,,,,,,,,,,
-119.84,36.83,,,,,,,,,,
-119.29,34.44,,,,,,,,,,
-118.14,34.18,,,,,,,,,,
-119.57,36.1,,,,,,,,,,
-121.8,37.32,,,,,,,,,,
-118.13,34.16,,,,,,,,,,
-121.9,37.46,,,,,,,,,,
-121.92,37.33,,,,,,,,,,
-123.1,39.36,,,,,,,,,,
-122.86,40.56,,,,,,,,,,
-122.44,37.75,,,,,,,,,,
-120.62,35.12,,,,,,,,,,
-118.36,33.88,,,,,,,,,,
-118.36,33.82,,,,,,,,,,
-118.27,33.77,,,,,,,,,,
-122.28,37.9,,,,,,,,,,
-117.98,33.66,,,,,,,,,,
-118.21,33.93,,,,,,,,,,
-120.43,37.35,,,,,,,,,,
-120.96,37.48,,,,,,,,,,
-117.33,34.12,,,,,,,,,,
-119.81,36.78,,,,,,,,,,
-118.38,34.05,,,,,,,,,,
-117.96,33.8,,,,,,,,,,
-118.43,34.24,,,,,,,,,,
-117.87,33.79,,,,,,,,,,
-124.18,40.79,,,,,,,,,,
-117.24,32.83,,,,,,,,,,
-121.57,37,,,,,,,,,,
-117.37,33.19,,,,,,,,,,
-121.89,37.46,,,,,,,,,,
-122.68,38.01,,,,,,,,,,
-118.31,34.02,,,,,,,,,,
-118.29,33.89,,,,,,,,,,
-117.3,34.12,,,,,,,,,,
-117.3,33.85,,,,,,,,,,
-117.35,33.16,,,,,,,,,,
-122.43,37.76,,,,,,,,,,
-119.01,35.39,,,,,,,,,,
-121.57,37.01,,,,,,,,,,
-122.42,37.65,,,,,,,,,,
-122.43,37.78,,,,,,,,,,
-118.13,33.9,,,,,,,,,,
-118.06,33.82,,,,,,,,,,
-119.22,34.34,,,,,,,,,,
-121.51,38.55,,,,,,,,,,
-121.42,38.5,,,,,,,,,,
-122.26,37.85,,,,,,,,,,
-118.4,33.87,,,,,,,,,,
-118.38,33.89,,,,,,,,,,
-119.95,36.96,,,,,,,,,,
-118.12,34.02,,,,,,,,,,
-117.9,36.95,,,,,,,,,,
-116.28,32.84,,,,,,,,,,
-122.45,37.77,,,,,,,,,,
-121.62,39.76,,,,,,,,,,
-122,38.35,,,,,,,,,,
-121.71,39.25,,,,,,,,,,
-119.19,34.22,,,,,,,,,,
-118.06,33.91,,,,,,,,,,
-118,33.93,,,,,,,,,,
-118.26,34.11,,,,,,,,,,
-118.51,34.26,,,,,,,,,,
-117.96,33.98,,,,,,,,,,
-123.39,38.99,,,,,,,,,,
-121.69,38.16,,,,,,,,,,
-121.93,37.32,,,,,,,,,,
-117.26,33.26,,,,,,,,,,
-121.41,38.53,,,,,,,,,,
-117.9,33.9,,,,,,,,,,
-118.54,36.12,,,,,,,,,,
-117.24,32.82,,,,,,,,,,
-121.9,37.24,,,,,,,,,,
-118.17,33.87,,,,,,,,,,
-117.31,33.16,,,,,,,,,,
-118.41,34.17,,,,,,,,,,
-118.38,34.22,,,,,,,,,,
-117.16,33.73,,,,,,,,,,
-119.71,34.4,,,,,,,,,,
-117.36,33.2,,,,,,,,,,
-118.21,33.8,,,,,,,,,,
-120.93,39.9,,,,,,,,,,
-118.13,33.84,,,,,,,,,,
-118.27,33.93,,,,,,,,,,
-118.05,33.78,,,,,,,,,,
-118.43,34.27,,,,,,,,,,
-118.37,33.91,,,,,,,,,,
-122.5,37.75,,,,,,,,,,
-118.3,34.01,,,,,,,,,,
-119.16,34.15,,,,,,,,,,
-117.04,32.68,,,,,,,,,,
-121.4,38.61,,,,,,,,,,
-118.03,33.93,,,,,,,,,,
-119.89,34.44,,,,,,,,,,
-120.88,38.58,,,,,,,,,,
-118.21,33.79,,,,,,,,,,
-121.46,38.57,,,,,,,,,,
-122.02,37.31,,,,,,,,,,
-118.5,34.16,,,,,,,,,,
-121.32,38.66,,,,,,,,,,
-118.09,33.89,,,,,,,,,,
-118.39,33.82,,,,,,,,,,
-118,33.96,,,,,,,,,,
-117.26,33.19,,,,,,,,,,
-122.47,37.87,,,,,,,,,,
-117.06,32.71,,,,,,,,,,
-117.44,33.93,,,,,,,,,,
-118.12,33.99,,,,,,,,,,
-118.15,34.18,,,,,,,,,,
-120.43,34.69,,,,,,,,,,
-120.84,37.53,,,,,,,,,,
-122.07,37.13,,,,,,,,,,
-118.41,33.96,,,,,,,,,,
-121.51,38.79,,,,,,,,,,
-117.33,33.19,,,,,,,,,,
-116.54,33.87,,,,,,,,,,
-118.5,34.2,,,,,,,,,,
-118.3,33.75,,,,,,,,,,
-117.99,33.73,,,,,,,,,,
-118.11,33.89,,,,,,,,,,
-122.73,38.43,,,,,,,,,,
-119.64,36.34,,,,,,,,,,
-116.87,34.24,,,,,,,,,,
-118.22,33.98,,,,,,,,,,
-122.34,37.97,,,,,,,,,,
-118.08,33.82,,,,,,,,,,
-117.7,33.48,,,,,,,,,,
-118.22,33.88,,,,,,,,,,
-120.97,38.91,,,,,,,,,,
-122.25,37.8,,,,,,,,,,
-118.41,33.88,,,,,,,,,,
-117.04,32.69,,,,,,,,,,
-122.41,38.16,,,,,,,,,,
-120.25,37.93,,,,,,,,,,
-121.98,38.39,,,,,,,,,,
-122.47,37.72,,,,,,,,,,
-118.18,34.13,,,,,,,,,,
-118.09,33.99,,,,,,,,,,
-121.94,37.75,,,,,,,,,,
-117.07,32.74,,,,,,,,,,
-118.14,34.04,,,,,,,,,,
-122.41,37.81,,,,,,,,,,
-117.71,33.63,,,,,,,,,,
-119.64,34.43,,,,,,,,,,
-118.1,33.98,,,,,,,,,,
-122.04,37.39,,,,,,,,,,
-122.03,37.18,,,,,,,,,,
-122.3,37.56,,,,,,,,,,
-117.36,33.92,,,,,,,,,,
-121.38,37.88,,,,,,,,,,
-119.98,38.93,,,,,,,,,,
-117.16,32.71,,,,,,,,,,
-122.36,37.93,,,,,,,,,,
-118.23,34.17,,,,,,,,,,
-118.47,34.1,,,,,,,,,,
-124.14,40.8,,,,,,,,,,
-117.8,33.55,,,,,,,,,,
-118.02,34.12,,,,,,,,,,
-122.74,38.48,,,,,,,,,,
-118.34,33.83,,,,,,,,,,
-120.68,35.29,,,,,,,,,,
-122.45,37.64,,,,,,,,,,
-122.04,37.62,,,,,,,,,,
-122.79,38.54,,,,,,,,,,
-117.22,32.86,,,,,,,,,,
-120.08,39.61,,,,,,,,,,
-118.36,34.15,,,,,,,,,,
-121.36,38.56,,,,,,,,,,
-122.32,41.31,,,,,,,,,,
-121.59,39.75,,,,,,,,,,
-117.3,34.15,,,,,,,,,,
-117.71,33.65,,,,,,,,,,
-118.31,34.26,,,,,,,,,,
-122.04,36.98,,,,,,,,,,
-118.26,34.24,,,,,,,,,,
-118.28,33.96,,,,,,,,,,
-123.5,39.67,,,,,,,,,,
-117.19,33.14,,,,,,,,,,
-121.12,38.86,,,,,,,,,,
-118.41,34.21,,,,,,,,,,
-116.54,33.82,,,,,,,,,,
-121.61,39.76,,,,,,,,,,
-121.99,37.92,,,,,,,,,,
-122.06,37.54,,,,,,,,,,
-122.08,37.72,,,,,,,,,,
-118.93,36.1,,,,,,,,,,
-122.78,38.97,,,,,,,,,,
-121.22,37.97,,,,,,,,,,
-121.47,38.61,,,,,,,,,,
-122.31,37.54,,,,,,,,,,
-122,37.3,,,,,,,,,,
-122.41,37.8,,,,,,,,,,
-118.29,34.05,,,,,,,,,,
-118.61,34.15,,,,,,,,,,
-116.48,33.84,,,,,,,,,,
-118.26,33.78,,,,,,,,,,
-117.34,34.51,,,,,,,,,,
-122.46,37.67,,,,,,,,,,
-118.35,34.11,,,,,,,,,,
-117.3,34.1,,,,,,,,,,
-118.44,34.15,,,,,,,,,,
-118.63,34.18,,,,,,,,,,
-117.95,33.76,,,,,,,,,,
-122.25,37.45,,,,,,,,,,
-117.59,33.65,,,,,,,,,,
-114.49,33.97,,,,,,,,,,
-118.51,34.2,,,,,,,,,,
-122.03,38.01,,,,,,,,,,
-118.43,33.99,,,,,,,,,,
-122.51,37.76,,,,,,,,,,
-119.55,36.69,,,,,,,,,,
-122.24,38.15,,,,,,,,,,
-117.87,34.02,,,,,,,,,,
-122.13,37.7,,,,,,,,,,
-121.33,38.6,,,,,,,,,,
-121.91,37.47,,,,,,,,,,
-118.53,34.04,,,,,,,,,,
-121.33,38,,,,,,,,,,
-117.85,34.06,,,,,,,,,,
-118.43,35.12,,,,,,,,,,
-118.07,33.97,,,,,,,,,,
-117.16,32.78,,,,,,,,,,
-116.29,34.18,,,,,,,,,,
-120.66,35.29,,,,,,,,,,
-119.79,36.77,,,,,,,,,,
-122.14,37.75,,,,,,,,,,
-122.32,37.97,,,,,,,,,,
-119.8,36.83,,,,,,,,,,
-117.33,33.16,,,,,,,,,,
-121.86,37.23,,,,,,,,,,
-122.24,37.81,,,,,,,,,,
-120.85,37.77,,,,,,,,,,
-116.95,33.79,,,,,,,,,,
-117.22,33.22,,,,,,,,,,
-122.23,40.17,,,,,,,,,,
-118.45,34.03,,,,,,,,,,
-118.99,35.27,,,,,,,,,,
-117.58,33.87,,,,,,,,,,
-118.65,36.57,,,,,,,,,,
-121.4,38.66,,,,,,,,,,
-119.46,35.86,,,,,,,,,,
-118.22,33.98,,,,,,,,,,
-118.38,33.82,,,,,,,,,,
-117.77,33.69,,,,,,,,,,
-118.46,34.18,,,,,,,,,,
-122.42,37.79,,,,,,,,,,
-118.31,33.77,,,,,,,,,,
-121.67,37.13,,,,,,,,,,
-121.33,38.57,,,,,,,,,,
-120.83,37.52,,,,,,,,,,
-118.12,33.99,,,,,,,,,,
-118.11,34.07,,,,,,,,,,
-122.67,38.24,,,,,,,,,,
-117.29,34.09,,,,,,,,,,
-121.8,37.19,,,,,,,,,,
-120.3,37.97,,,,,,,,,,
-120.45,34.65,,,,,,,,,,
-119.29,34.23,,,,,,,,,,
-118.34,34.02,,,,,,,,,,
-117.94,33.8,,,,,,,,,,
-116.85,34.26,,,,,,,,,,
-117.89,33.76,,,,,,,,,,
-118.29,34.03,,,,,,,,,,
-118.12,34.06,,,,,,,,,,
-121.41,38.6,,,,,,,,,,
-120.62,35.13,,,,,,,,,,
-118.18,33.8,,,,,,,,,,
-117.51,34.16,,,,,,,,,,
-118.16,34.03,,,,,,,,,,
-118.17,34.11,,,,,,,,,,
-117.69,33.65,,,,,,,,,,
-122.2,37.77,,,,,,,,,,
-121.33,37.96,,,,,,,,,,
-121.84,38.13,,,,,,,,,,
-117.76,34.05,,,,,,,,,,
-122.43,37.79,,,,,,,,,,
-122.32,37.57,,,,,,,,,,
-118.16,34.07,,,,,,,,,,
-124.09,40.95,,,,,,,,,,
-121.99,38.35,,,,,,,,,,
-122.72,38.42,,,,,,,,,,
-122.11,37.66,,,,,,,,,,
-121.84,36.62,,,,,,,,,,
-118.18,34.12,,,,,,,,,,
-122.45,38.27,,,,,,,,,,
-117.91,33.65,,,,,,,,,,
-116.47,33.77,,,,,,,,,,
-122.41,37.73,,,,,,,,,,
-119.78,36.8,,,,,,,,,,
-119.71,34.36,,,,,,,,,,
-118.36,34.03,,,,,,,,,,
-121.89,37.99,,,,,,,,,,
-121.98,37.33,,,,,,,,,,
-118.47,34.25,,,,,,,,,,
-117.26,32.99,,,,,,,,,,
-118.09,34.07,,,,,,,,,,
-118.45,37.25,,,,,,,,,,
-117.78,33.54,,,,,,,,,,
-117.46,33.9,,,,,,,,,,
-121.85,39.74,,,,,,,,,,
-117.29,34.11,,,,,,,,,,
-121.2,37.79,,,,,,,,,,
-118.43,33.96,,,,,,,,,,
-122.11,37.4,,,,,,,,,,
-119.06,36.08,,,,,,,,,,
-118.37,33.88,,,,,,,,,,
-120.79,38.43,,,,,,,,,,
-122.2,39.93,,,,,,,,,,
-122.23,37.76,,,,,,,,,,
-121.99,38.53,,,,,,,,,,
-118.46,34.02,,,,,,,,,,
-115.6,33.04,,,,,,,,,,
-117.22,32.78,,,,,,,,,,
-118.63,34.22,,,,,,,,,,
-124.14,40.72,,,,,,,,,,
-116.43,33.78,,,,,,,,,,
-117.89,33.73,,,,,,,,,,
-117.7,33.53,,,,,,,,,,
-122.47,37.85,,,,,,,,,,
-120.63,38.73,,,,,,,,,,
-118.59,34.2,,,,,,,,,,
-118.36,33.93,,,,,,,,,,
-118.41,33.85,,,,,,,,,,
-117.19,32.77,,,,,,,,,,
-117.78,33.86,,,,,,,,,,
-121.86,39.74,,,,,,,,,,
-119.04,35.31,,,,,,,,,,
-118.26,34.02,,,,,,,,,,
-117.25,34.49,,,,,,,,,,
-120.04,39.27,,,,,,,,,,
-121.42,38.54,,,,,,,,,,
-118.15,34.2,,,,,,,,,,
-118.08,33.88,,,,,,,,,,
-122.43,37.8,,,,,,,,,,
-115.49,32.67,,,,,,,,,,
-120.98,38.34,,,,,,,,,,
-116.14,34.45,,,,,,,,,,
-117.11,32.73,,,,,,,,,,
-118.47,34,,,,,,,,,,
-121.42,37.74,,,,,,,,,,
-122.25,37.82,,,,,,,,,,
-118.05,33.72,,,,,,,,,,
-122.02,36.97,,,,,,,,,,
-115.57,32.8,,,,,,,,,,
-121.29,37.8,,,,,,,,,,
-122.08,37.88,,,,,,,,,,
-121.77,37.65,,,,,,,,,,
-119.81,36.72,,,,,,,,,,
-118.35,33.97,,,,,,,,,,
-118.2,34.19,,,,,,,,,,
-118.79,34.14,,,,,,,,,,
-118.12,34.16,,,,,,,,,,
-118.22,33.96,,,,,,,,,,
-121.3,37.99,,,,,,,,,,
-121.84,36.61,,,,,,,,,,
-117.9,34.07,,,,,,,,,,
-120.4,34.86,,,,,,,,,,
-117.95,33.8,,,,,,,,,,
-118.3,33.94,,,,,,,,,,
-121.6,37.9,,,,,,,,,,
-122.41,37.59,,,,,,,,,,
-118.45,34.05,,,,,,,,,,
-118.18,33.86,,,,,,,,,,
-121.78,40.12,,,,,,,,,,
-118.21,34.04,,,,,,,,,,
-118.38,34.09,,,,,,,,,,
-117.18,32.84,,,,,,,,,,
-117.3,32.85,,,,,,,,,,
-119.02,35.42,,,,,,,,,,
-124.01,40.97,,,,,,,,,,
-118.1,34.13,,,,,,,,,,
-119.81,36.77,,,,,,,,,,
-122.55,38,,,,,,,,,,
-117.62,34.08,,,,,,,,,,
-121.29,37.96,,,,,,,,,,
-119.09,34.24,,,,,,,,,,
-117.2,32.77,,,,,,,,,,
-122.27,37.45,,,,,,,,,,
-117.31,34.41,,,,,,,,,,
-118.28,33.83,,,,,,,,,,
-118.27,34.05,,,,,,,,,,
-118.17,34.09,,,,,,,,,,
-122.54,37.74,,,,,,,,,,
-118.28,33.77,,,,,,,,,,
-118.04,33.72,,,,,,,,,,
-117.39,33.92,,,,,,,,,,
-119.01,35.37,,,,,,,,,,
-122.41,37.74,,,,,,,,,,
-118.29,33.91,,,,,,,,,,
-117.25,33.22,,,,,,,,,,
-117.65,33.46,,,,,,,,,,
-121.98,37.8,,,,,,,,,,
-118.05,33.84,,,,,,,,,,
-122.03,37.27,,,,,,,,,,
-120.52,35.24,,,,,,,,,,
-117.95,34.14,,,,,,,,,,
-118.16,34.69,,,,,,,,,,
-121.48,39.1,,,,,,,,,,
-117.53,33.94,,,,,,,,,,
-122.29,37.91,,,,,,,,,,
-121.78,38.69,,,,,,,,,,
-117.97,33.84,,,,,,,,,,
-122.26,37.86,,,,,,,,,,
-117.96,33.69,,,,,,,,,,
-118.39,34.19,,,,,,,,,,
-122.48,37.51,,,,,,,,,,
-118.6,34.21,,,,,,,,,,
-122.35,40.56,,,,,,,,,,
-118.24,34.03,,,,,,,,,,
-117.61,34.08,,,,,,,,,,
-121.03,37.67,,,,,,,,,,
-119.69,36.81,,,,,,,,,,
-118.27,34.06,,,,,,,,,,
-118.26,34.07,,,,,,,,,,
-120.91,38.98,,,,,,,,,,
-117.14,32.71,,,,,,,,,,
-117.2,32.82,,,,,,,,,,
-123.8,39.44,,,,,,,,,,
-122.33,37.98,,,,,,,,,,
-117.37,33.97,,,,,,,,,,
-122.04,37.3,,,,,,,,,,
-118.21,33.98,,,,,,,,,,
-117.32,34.11,,,,,,,,,,
-118.12,34.08,,,,,,,,,,
-121.56,39.69,,,,,,,,,,
-117.94,33.8,,,,,,,,,,
-117.98,33.85,,,,,,,,,,
-122.85,38.77,,,,,,,,,,
-116.24,33.76,,,,,,,,,,
-122.32,37.96,,,,,,,,,,
-118.95,35.41,,,,,,,,,,
-122.42,37.67,,,,,,,,,,
-118.25,33.98,,,,,,,,,,
-118.4,34.22,,,,,,,,,,
-120.56,38.39,,,,,,,,,,
-121.63,39.1,,,,,,,,,,
-122.2,37.47,,,,,,,,,,
-122.11,37.11,,,,,,,,,,
-118.25,33.84,,,,,,,,,,
-118.35,34.18,,,,,,,,,,
-118.14,33.86,,,,,,,,,,
-122.26,38.28,,,,,,,,,,
-120.24,37.96,,,,,,,,,,
-121.59,39.74,,,,,,,,,,
-122.72,40.17,,,,,,,,,,
-118.48,34.31,,,,,,,,,,
-121.1,38.94,,,,,,,,,,
-118.1,33.97,,,,,,,,,,
-120.97,37.67,,,,,,,,,,
-121.91,36.97,,,,,,,,,,
-121.47,37.58,,,,,,,,,,
-121.93,37.72,,,,,,,,,,
-117.83,33.79,,,,,,,,,,
-117.89,33.73,,,,,,,,,,
-117.84,34,,,,,,,,,,
-116.86,34.24,,,,,,,,,,
-121.28,38.74,,,,,,,,,,
-119.63,36.64,,,,,,,,,,
-121.06,38.25,,,,,,,,,,
-122.01,37.4,,,,,,,,,,
-117.22,33.31,,,,,,,,,,
-116.31,33.73,,,,,,,,,,
-121.29,38.02,,,,,,,,,,
-121,37.64,,,,,,,,,,
-121.08,39.21,,,,,,,,,,
-121.88,37.99,,,,,,,,,,
-117.18,32.74,,,,,,,,,,
-117.2,32.85,,,,,,,,,,
-117.16,33.92,,,,,,,,,,
-118.35,34.05,,,,,,,,,,
-119.05,36.06,,,,,,,,,,
-121.15,38.69,,,,,,,,,,
-123.16,39.13,,,,,,,,,,
-121.36,38.59,,,,,,,,,,
-118.28,33.73,,,,,,,,,,
-118.36,33.89,,,,,,,,,,
-121.24,38.63,,,,,,,,,,
-117.69,33.55,,,,,,,,,,
-118.46,34.27,,,,,,,,,,
-122.28,37.86,,,,,,,,,,
-118.28,33.94,,,,,,,,,,
-122.18,37.73,,,,,,,,,,
-122.87,38.39,,,,,,,,,,
-119.75,34.44,,,,,,,,,,
-117.21,32.85,,,,,,,,,,
-118.2,33.82,,,,,,,,,,
-121.88,37.32,,,,,,,,,,
-118.46,34.14,,,,,,,,,,
-118.29,34.09,,,,,,,,,,
-117.88,34.11,,,,,,,,,,
-117.68,33.65,,,,,,,,,,
-120.35,39.34,,,,,,,,,,
-118.02,33.82,,,,,,,,,,
-118.35,33.92,,,,,,,,,,
-122.34,37.97,,,,,,,,,,
-118.33,34.02,,,,,,,,,,
-118.4,33.9,,,,,,,,,,
-117.97,33.73,,,,,,,,,,
-121.32,38.57,,,,,,,,,,
-117.94,33.88,,,,,,,,,,
-118.54,34.15,,,,,,,,,,
-117.86,33.83,,,,,,,,,,
-119.95,36.8,,,,,,,,,,
-121.42,36.86,,,,,,,,,,
-117.09,32.69,,,,,,,,,,
-119.2,34.15,,,,,,,,,,
-117.17,32.76,,,,,,,,,,
-117.9,33.91,,,,,,,,,,
-122.03,37.33,,,,,,,,,,
-118.18,33.9,,,,,,,,,,
-119.05,35.32,,,,,,,,,,
-119.67,34.47,,,,,,,,,,
-118.35,34.17,,,,,,,,,,
-118.3,33.87,,,,,,,,,,
-118.25,34.16,,,,,,,,,,
-117.91,33.82,,,,,,,,,,
-118.36,33.98,,,,,,,,,,
-121.29,37.99,,,,,,,,,,
-122.74,38.46,,,,,,,,,,
-118.29,33.93,,,,,,,,,,
-122.05,37.31,,,,,,,,,,
-117.08,32.57,,,,,,,,,,
-122.04,37.97,,,,,,,,,,
-120.31,37.11,,,,,,,,,,
-117.27,34.1,,,,,,,,,,
-118.26,33.95,,,,,,,,,,
-118.11,34.16,,,,,,,,,,
-118.34,33.99,,,,,,,,,,
-117.89,33.6,,,,,,,,,,
-119.72,34.42,,,,,,,,,,
-118.44,34.18,,,,,,,,,,
-122.08,37.97,,,,,,,,,,
-122.45,37.76,,,,,,,,,,
-118.22,33.94,,,,,,,,,,
-118.33,34.07,,,,,,,,,,
-117.66,34.05,,,,,,,,,,
-120.94,35.42,,,,,,,,,,
-117.3,34.05,,,,,,,,,,
-117.92,33.64,,,,,,,,,,
-118.19,33.99,,,,,,,,,,
-122.08,37.94,,,,,,,,,,
-117.72,34.09,,,,,,,,,,
-118.19,34.08,,,,,,,,,,
-122.24,38.11,,,,,,,,,,
-121.81,37.23,,,,,,,,,,
-118.34,34.18,,,,,,,,,,
-120.57,38.2,,,,,,,,,,
-120.45,34.64,,,,,,,,,,
-118.25,33.95,,,,,,,,,,
-117.95,33.9,,,,,,,,,,
-117.2,33.12,,,,,,,,,,
-117.3,34.53,,,,,,,,,,
-121.87,37.27,,,,,,,,,,
-118.28,34.03,,,,,,,,,,
-119.77,36.44,,,,,,,,,,
-122.38,40.09,,,,,,,,,,
-118.9,34.18,,,,,,,,,,
-121.01,37.25,,,,,,,,,,
-116.98,32.72,,,,,,,,,,
-119.98,38.92,,,,,,,,,,
-121.93,37.72,,,,,,,,,,
-117.64,34.09,,,,,,,,,,
-119.85,37.39,,,,,,,,,,
-118.2,33.98,,,,,,,,,,
-120.83,37.07,,,,,,,,,,
-117.07,32.58,,,,,,,,,,
-119.05,35.34,,,,,,,,,,
-117.57,34.15,,,,,,,,,,
-121.37,38.67,,,,,,,,,,
-122.18,37.7,,,,,,,,,,
-116.94,32.81,,,,,,,,,,
-121.21,39.24,,,,,,,,,,
-122.06,37.71,,,,,,,,,,
-118.44,34.19,,,,,,,,,,
-122.36,37.72,,,,,,,,,,
-121.32,38.62,,,,,,,,,,
-118.27,33.94,,,,,,,,,,
-122.04,37.97,,,,,,,,,,
-118.21,33.96,,,,,,,,,,
-117.2,33.58,,,,,,,,,,
-120.5,37.37,,,,,,,,,,
-118.17,33.98,,,,,,,,,,
-117.88,33.83,,,,,,,,,,
-118.29,33.99,,,,,,,,,,
-117.42,34.1,,,,,,,,,,
-116.96,32.71,,,,,,,,,,
-118.36,34.07,,,,,,,,,,
-122.26,38.33,,,,,,,,,,
-120.51,37.29,,,,,,,,,,
-117.94,33.62,,,,,,,,,,
-118.27,33.94,,,,,,,,,,
-117.93,34.09,,,,,,,,,,
-118.22,33.92,,,,,,,,,,
-121.84,37.32,,,,,,,,,,
-122.03,37.83,,,,,,,,,,
-122.46,38.29,,,,,,,,,,
-118.32,34.01,,,,,,,,,,
-118.02,33.95,,,,,,,,,,
-118.31,34.19,,,,,,,,,,
-117.8,34.1,,,,,,,,,,
-118.46,34.26,,,,,,,,,,
-121.94,37.34,,,,,,,,,,
-117.64,33.87,,,,,,,,,,
-117.9,34.11,,,,,,,,,,
-118.34,34.11,,,,,,,,,,
-122.31,37.56,,,,,,,,,,
-118.36,34.21,,,,,,,,,,
-122.45,37.71,,,,,,,,,,
-118.68,34.13,,,,,,,,,,
-119.64,36.85,,,,,,,,,,
-122.16,37.76,,,,,,,,,,
-117.99,33.67,,,,,,,,,,
-121.83,37.4,,,,,,,,,,
-118.19,35.05,,,,,,,,,,
-118.03,33.77,,,,,,,,,,
-122.26,37.82,,,,,,,,,,
-118.37,33.93,,,,,,,,,,
-118.22,34.05,,,,,,,,,,
-122.49,37.68,,,,,,,,,,
-116.51,33.84,,,,,,,,,,
-121.88,37.66,,,,,,,,,,
-122.44,37.8,,,,,,,,,,
-121.34,38.05,,,,,,,,,,
-117.87,33.84,,,,,,,,,,
-122.28,37.89,,,,,,,,,,
-121.83,37.99,,,,,,,,,,
-119.53,36.65,,,,,,,,,,
-117.39,34.09,,,,,,,,,,
-118.23,33.9,,,,,,,,,,
-121.32,38.67,,,,,,,,,,
-118.33,34.05,,,,,,,,,,
-122.21,37.84,,,,,,,,,,
-117.9,34.53,,,,,,,,,,
-122.47,37.51,,,,,,,,,,
-118.02,33.77,,,,,,,,,,
-119.73,34.43,,,,,,,,,,
-120.68,35.14,,,,,,,,,,
-122.47,38.29,,,,,,,,,,
-121.9,37.35,,,,,,,,,,
-121.87,37.26,,,,,,,,,,
-117.97,33.89,,,,,,,,,,
-116.87,33.91,,,,,,,,,,
-122.15,37.47,,,,,,,,,,
-118.31,34.01,,,,,,,,,,
-118.44,34.04,,,,,,,,,,
-118.01,33.85,,,,,,,,,,
-122.27,41.2,,,,,,,,,,
-122.32,37.56,,,,,,,,,,
-119.77,36.72,,,,,,,,,,
-122.14,37.84,,,,,,,,,,
-118.34,34.09,,,,,,,,,,
-117.61,34.34,,,,,,,,,,
-118.23,33.76,,,,,,,,,,
-117.89,33.77,,,,,,,,,,
-118.26,33.91,,,,,,,,,,
-118.4,33.99,,,,,,,,,,
-117.14,32.92,,,,,,,,,,
-118.15,33.77,,,,,,,,,,
-118.59,34.21,,,,,,,,,,
-121.37,36.83,,,,,,,,,,
-120.48,35.02,,,,,,,,,,
-118.44,34.21,,,,,,,,,,
-122.32,38.33,,,,,,,,,,
-121.87,37.28,,,,,,,,,,
-117.1,33.07,,,,,,,,,,
-118.03,33.76,,,,,,,,,,
-122.4,37.73,,,,,,,,,,
-118.34,34.12,,,,,,,,,,
-121.04,39.24,,,,,,,,,,
-117.97,33.91,,,,,,,,,,
-117.1,32.68,,,,,,,,,,
-116.61,33.93,,,,,,,,,,
-118.39,34.08,,,,,,,,,,
-121.23,38.65,,,,,,,,,,
-122.2,37.79,,,,,,,,,,
-117.18,32.83,,,,,,,,,,
-118.08,33.77,,,,,,,,,,
-120.45,34.66,,,,,,,,,,
-117.82,33.68,,,,,,,,,,
-121.92,36.61,,,,,,,,,,
-122.01,37.53,,,,,,,,,,
-118.27,33.95,,,,,,,,,,
-119.96,38.94,,,,,,,,,,
-121.42,36.57,,,,,,,,,,
-120.96,37.66,,,,,,,,,,
-118.65,34.2,,,,,,,,,,
-122.31,38,,,,,,,,,,
-118.35,34.07,,,,,,,,,,
-118.19,33.79,,,,,,,,,,
-122.14,37.41,,,,,,,,,,
-119.81,36.71,,,,,,,,,,
-117.18,32.68,,,,,,,,,,
-117.77,34.08,,,,,,,,,,
-118.11,33.86,,,,,,,,,,
-118.28,34.09,,,,,,,,,,
-117.93,34.04,,,,,,,,,,
-117.05,32.76,,,,,,,,,,
-118.25,33.87,,,,,,,,,,
-122.41,37.78,,,,,,,,,,
-119.72,34.47,,,,,,,,,,
-118.12,34.15,,,,,,,,,,
-122.21,37.83,,,,,,,,,,
-119.38,36.56,,,,,,,,,,
-118.38,34.28,,,,,,,,,,
-117.34,34.12,,,,,,,,,,
-122.06,37.39,,,,,,,,,,
-118.46,34.07,,,,,,,,,,
-117.9,34.15,,,,,,,,,,
-123.47,39.8,,,,,,,,,,
-121.91,37.25,,,,,,,,,,
-122.32,38.32,,,,,,,,,,
-118.14,33.88,,,,,,,,,,
-117.82,33.81,,,,,,,,,,
-118.27,34.07,,,,,,,,,,
-117.44,33.95,,,,,,,,,,
-118.1,34.07,,,,,,,,,,
-121.83,37.37,,,,,,,,,,
-120.9,35.33,,,,,,,,,,
-121.75,36.92,,,,,,,,,,
-117.91,33.65,,,,,,,,,,
-117.2,32.8,,,,,,,,,,
-118.23,34.18,,,,,,,,,,
-118.32,33.93,,,,,,,,,,
-117.76,34.12,,,,,,,,,,
-118.45,34.23,,,,,,,,,,
-122.45,41.28,,,,,,,,,,
-118.33,34.01,,,,,,,,,,
-124.16,40.79,,,,,,,,,,
-118.14,34.06,,,,,,,,,,
-121.14,38.77,,,,,,,,,,
-117.75,33.83,,,,,,,,,,
-122.12,37.69,,,,,,,,,,
-117.79,34.07,,,,,,,,,,
-118.41,34.09,,,,,,,,,,
-118.53,34.44,,,,,,,,,,
-120.78,38.74,,,,,,,,,,
-122.35,37.58,,,,,,,,,,
-119.72,36.82,,,,,,,,,,
-118.14,34.01,,,,,,,,,,
-117.12,32.75,,,,,,,,,,
-117.9,34.13,,,,,,,,,,
-117.39,33.69,,,,,,,,,,
-122.45,40.61,,,,,,,,,,
-117.12,34.21,,,,,,,,,,
-122.76,38.46,,,,,,,,,,
-118.19,34.12,,,,,,,,,,
-118.31,34.06,,,,,,,,,,
-122.34,37.95,,,,,,,,,,
-118.22,34.66,,,,,,,,,,
-118.29,34.05,,,,,,,,,,
-117.96,33.87,,,,,,,,,,
-119.57,34.38,,,,,,,,,,
-118.28,33.75,,,,,,,,,,
-121.89,38.01,,,,,,,,,,
-118.13,34.16,,,,,,,,,,
-118.04,34.18,,,,,,,,,,
-123.22,39.16,,,,,,,,,,
-120.69,38.44,,,,,,,,,,
-118.04,33.8,,,,,,,,,,
-119.8,36.73,,,,,,,,,,
-117.49,33.91,,,,,,,,,,
-118.34,34.01,,,,,,,,,,
-118.37,34.19,,,,,,,,,,
-117.27,34.45,,,,,,,,,,
-120.45,34.87,,,,,,,,,,
-122.32,37.52,,,,,,,,,,
-121.42,38.49,,,,,,,,,,
-115.57,32.78,,,,,,,,,,
-118.47,33.99,,,,,,,,,,
-118.27,33.96,,,,,,,,,,
-118.05,33.9,,,,,,,,,,
-118.96,35.4,,,,,,,,,,
-117.13,32.98,,,,,,,,,,
-122.04,37.61,,,,,,,,,,
-116.58,33.09,,,,,,,,,,
-121.98,38.25,,,,,,,,,,
-122.3,37.92,,,,,,,,,,
-121.57,39.48,,,,,,,,,,
-118.09,33.92,,,,,,,,,,
-117.71,33.61,,,,,,,,,,
-118.21,33.9,,,,,,,,,,
-118.29,34.17,,,,,,,,,,
-118.95,35.4,,,,,,,,,,
-117.41,34.23,,,,,,,,,,
-121.92,36.57,,,,,,,,,,
-121.64,39.15,,,,,,,,,,
-120.92,37.63,,,,,,,,,,
-122.27,37.84,,,,,,,,,,
-118.27,34.1,,,,,,,,,,
-121.81,37.24,,,,,,,,,,
-114.62,33.62,,,,,,,,,,
-118.09,34.71,,,,,,,,,,
-118.2,34.02,,,,,,,,,,
-119.62,36.59,,,,,,,,,,
-118.41,34.19,,,,,,,,,,
-118.3,33.98,,,,,,,,,,
-117.33,34.12,,,,,,,,,,
-118.5,34.02,,,,,,,,,,
-118.07,33.92,,,,,,,,,,
-117.13,32.58,,,,,,,,,,
-117.27,34.49,,,,,,,,,,
-121.45,38.6,,,,,,,,,,
-121.98,37.22,,,,,,,,,,
-120.31,36.65,,,,,,,,,,
-117.95,33.84,,,,,,,,,,
-119.7,36.8,,,,,,,,,,
-121.88,37.43,,,,,,,,,,
-118.43,34.26,,,,,,,,,,
-121.89,37.35,,,,,,,,,,
-121.33,38.04,,,,,,,,,,
-123.73,39.17,,,,,,,,,,
-118.04,33.97,,,,,,,,,,
-118.15,34.19,,,,,,,,,,
-118.11,34.02,,,,,,,,,,
-121.2,38.67,,,,,,,,,,
-118.39,34.12,,,,,,,,,,
-118.37,34.06,,,,,,,,,,
-118.52,34.2,,,,,,,,,,
-118.37,33.95,,,,,,,,,,
-121.34,37.98,,,,,,,,,,
-119.32,36.19,,,,,,,,,,
-117.84,34.04,,,,,,,,,,
-118.23,34.15,,,,,,,,,,
-115.52,32.98,,,,,,,,,,
-117.79,34.07,,,,,,,,,,
-115.59,32.96,,,,,,,,,,
-121.83,37.3,,,,,,,,,,
-117.27,34.5,,,,,,,,,,
-118.04,33.93,,,,,,,,,,
-122.09,37.95,,,,,,,,,,
-122.23,37.75,,,,,,,,,,
-117.88,33.72,,,,,,,,,,
-122.42,37.75,,,,,,,,,,
-118.05,34.14,,,,,,,,,,
-118.06,34.11,,,,,,,,,,
-118.15,33.87,,,,,,,,,,
-117.25,32.76,,,,,,,,,,
-117.86,33.74,,,,,,,,,,
-122.53,39.09,,,,,,,,,,
-117.97,33.68,,,,,,,,,,
-118.06,34.03,,,,,,,,,,
-117.82,33.74,,,,,,,,,,
-121.8,37.7,,,,,,,,,,
-121.73,36.85,,,,,,,,,,
-118.32,33.86,,,,,,,,,,
-118.28,34.04,,,,,,,,,,
-117.03,32.95,,,,,,,,,,
-117.87,33.83,,,,,,,,,,
-122.09,37.65,,,,,,,,,,
-117.6,34.03,,,,,,,,,,
-121.46,38.61,,,,,,,,,,
-117.96,34.53,,,,,,,,,,
-116.46,33.79,,,,,,,,,,
-118.54,34.37,,,,,,,,,,
-122.16,37.45,,,,,,,,,,
-117.71,34.06,,,,,,,,,,
-118.29,34.03,,,,,,,,,,
-118.18,33.9,,,,,,,,,,
-121.36,38.69,,,,,,,,,,
-122.37,40.52,,,,,,,,,,
-122.41,37.71,,,,,,,,,,
-118.53,34.24,,,,,,,,,,
-121.88,37.67,,,,,,,,,,
-120.09,37,,,,,,,,,,
-117.1,32.75,,,,,,,,,,
-119.64,36.35,,,,,,,,,,
-118.26,33.97,,,,,,,,,,
-117.6,33.91,,,,,,,,,,
-122.2,39.51,,,,,,,,,,
-122.12,37.69,,,,,,,,,,
-118.2,33.97,,,,,,,,,,
-121.28,38.14,,,,,,,,,,
-119.03,34.23,,,,,,,,,,
-121.7,38.1,,,,,,,,,,
-117.96,33.83,,,,,,,,,,
-120.7,36.99,,,,,,,,,,
-122.39,37.74,,,,,,,,,,
-121.76,38.41,,,,,,,,,,
-121.35,38.66,,,,,,,,,,
-118.67,34.28,,,,,,,,,,
-118.31,34.1,,,,,,,,,,
-117.69,34.04,,,,,,,,,,
-119.6,36.58,,,,,,,,,,
-121.76,36.75,,,,,,,,,,
-117.94,33.86,,,,,,,,,,
-120.86,37.77,,,,,,,,,,
-121.84,37.35,,,,,,,,,,
-121.07,38.9,,,,,,,,,,
-118.45,33.96,,,,,,,,,,
-118.29,34.18,,,,,,,,,,
-119.97,36.44,,,,,,,,,,
-121.93,38.31,,,,,,,,,,
-118.2,33.93,,,,,,,,,,
-122.18,38.23,,,,,,,,,,
-118.01,34.14,,,,,,,,,,
-117.87,34.13,,,,,,,,,,
-118.53,34.27,,,,,,,,,,
-117.14,32.8,,,,,,,,,,
-118.07,34.17,,,,,,,,,,
-117.58,33.88,,,,,,,,,,
-120.06,36.97,,,,,,,,,,
-121.83,38.43,,,,,,,,,,
-122.48,37.72,,,,,,,,,,
-116.91,32.75,,,,,,,,,,
-119.77,36.74,,,,,,,,,,
-119.46,36.91,,,,,,,,,,
-118.18,33.91,,,,,,,,,,
-118.39,34.06,,,,,,,,,,
-118.22,33.99,,,,,,,,,,
-116.99,33.2,,,,,,,,,,
-117.16,32.73,,,,,,,,,,
-117.38,33.98,,,,,,,,,,
-122.44,38.34,,,,,,,,,,
-117.88,33.92,,,,,,,,,,
-119.71,34.44,,,,,,,,,,
-119.06,34.37,,,,,,,,,,
-121.91,37.31,,,,,,,,,,
-121.56,37,,,,,,,,,,
-122.49,38,,,,,,,,,,
-118.33,34.02,,,,,,,,,,
-122.26,37.51,,,,,,,,,,
-121.99,37.83,,,,,,,,,,
-121.42,37.74,,,,,,,,,,
-121.39,38.61,,,,,,,,,,
-122.42,37.62,,,,,,,,,,
-121.44,38.48,,,,,,,,,,
-117.48,33.98,,,,,,,,,,
-122.05,37.38,,,,,,,,,,
-123.92,41.54,,,,,,,,,,
-119.01,35.4,,,,,,,,,,
-122.33,37.57,,,,,,,,,,
-120.99,37.61,,,,,,,,,,
-121.96,37.58,,,,,,,,,,
-121.58,39.16,,,,,,,,,,
-120.59,38.53,,,,,,,,,,
-117.58,33.87,,,,,,,,,,
-121.84,39.75,,,,,,,,,,
-121.8,36.69,,,,,,,,,,
-122.22,37.81,,,,,,,,,,
-117.64,33.45,,,,,,,,,,
-120.42,37.98,,,,,,,,,,
-118.3,34.06,,,,,,,,,,
-122.25,37.87,,,,,,,,,,
-120.27,39.35,,,,,,,,,,
-119.88,36.93,,,,,,,,,,
-122.37,37.58,,,,,,,,,,
-117.82,33.72,,,,,,,,,,
-118.22,33.93,,,,,,,,,,
-120.97,38.65,,,,,,,,,,
-122.06,37.7,,,,,,,,,,
-118.23,33.92,,,,,,,,,,
-117.34,34.46,,,,,,,,,,
-119.24,36.33,,,,,,,,,,
-122.18,37.73,,,,,,,,,,
-118.2,33.82,,,,,,,,,,
-117.07,32.81,,,,,,,,,,
-122.25,38.02,,,,,,,,,,
-118.42,34.31,,,,,,,,,,
-122.27,37.85,,,,,,,,,,
-117.92,33.65,,,,,,,,,,
-118.16,34.13,,,,,,,,,,
-122.49,37.69,,,,,,,,,,
-122.48,38.31,,,,,,,,,,
-117.67,34.02,,,,,,,,,,
-117.15,32.91,,,,,,,,,,
-118.34,34.03,,,,,,,,,,
-121.54,38.5,,,,,,,,,,
-118.15,33.97,,,,,,,,,,
-122.54,38.14,,,,,,,,,,
-118.01,33.88,,,,,,,,,,
-117.68,35.62,,,,,,,,,,
-120.64,35.26,,,,,,,,,,
-121.29,38.1,,,,,,,,,,
-120.19,37.53,,,,,,,,,,
-117.31,34.1,,,,,,,,,,
-118.09,33.87,,,,,,,,,,
-117.99,34.12,,,,,,,,,,
-119.81,34.47,,,,,,,,,,
-116.96,33.52,,,,,,,,,,
-122.31,37.57,,,,,,,,,,
-117.39,33.97,,,,,,,,,,
-118.51,34.19,,,,,,,,,,
-117.3,34.12,,,,,,,,,,
-120.85,37.51,,,,,,,,,,
-121.31,37.93,,,,,,,,,,
-118.16,34.09,,,,,,,,,,
-118.03,33.84,,,,,,,,,,
-119.88,34.4,,,,,,,,,,
-118.57,34.17,,,,,,,,,,
-122.11,37.14,,,,,,,,,,
-122.43,37.76,,,,,,,,,,
-118.27,33.96,,,,,,,,,,
-117.16,33.76,,,,,,,,,,
-122.07,37.89,,,,,,,,,,
-117.09,34.01,,,,,,,,,,
-122.31,37.92,,,,,,,,,,
-122.19,37.73,,,,,,,,,,
-117,32.73,,,,,,,,,,
-117.21,33.19,,,,,,,,,,
-118.26,34.14,,,,,,,,,,
-122.1,37.36,,,,,,,,,,
-121.86,36.6,,,,,,,,,,
-117.24,33.11,,,,,,,,,,
-116.37,33.72,,,,,,,,,,
-121.32,38.41,,,,,,,,,,
-118.7,34.28,,,,,,,,,,
-118.15,33.95,,,,,,,,,,
-118.3,33.73,,,,,,,,,,
-118.52,34.19,,,,,,,,,,
-118.22,33.99,,,,,,,,,,
-122.41,37.65,,,,,,,,,,
-122.3,37.89,,,,,,,,,,
-121.43,38.56,,,,,,,,,,
-117.23,32.86,,,,,,,,,,
-117.23,32.79,,,,,,,,,,
-117.16,32.72,,,,,,,,,,
-122.41,37.66,,,,,,,,,,
-117.23,32.73,,,,,,,,,,
-118.33,34,,,,,,,,,,
-117.43,33.55,,,,,,,,,,
-118.36,34.08,,,,,,,,,,
-121.09,38.97,,,,,,,,,,
-119.45,35.15,,,,,,,,,,
-121.27,38.64,,,,,,,,,,
-118,33.9,,,,,,,,,,
-118.21,34.05,,,,,,,,,,
-122.5,37.77,,,,,,,,,,
-122.31,37.92,,,,,,,,,,
-118.3,34,,,,,,,,,,
-121.84,38.02,,,,,,,,,,
-117.25,32.8,,,,,,,,,,
-124.14,40.6,,,,,,,,,,
-118.18,34.05,,,,,,,,,,
-119.78,36.8,,,,,,,,,,
-122.22,38.08,,,,,,,,,,
-118.5,34.26,,,,,,,,,,
-118.45,34.18,,,,,,,,,,
-119.79,36.31,,,,,,,,,,
-117.21,32.74,,,,,,,,,,
-122.08,40.64,,,,,,,,,,
-122.31,37.52,,,,,,,,,,
-119.74,36.76,,,,,,,,,,
-118.28,34.01,,,,,,,,,,
-118.27,34.11,,,,,,,,,,
-117.2,33.16,,,,,,,,,,
-122.33,37.53,,,,,,,,,,
-120.86,35.4,,,,,,,,,,
-119.47,35.4,,,,,,,,,,
-117.27,34.16,,,,,,,,,,
-121.92,38.02,,,,,,,,,,
-121.45,38.56,,,,,,,,,,
-117.91,33.84,,,,,,,,,,
-118.48,35.61,,,,,,,,,,
-118.03,33.84,,,,,,,,,,
-118.32,34.04,,,,,,,,,,
-121.3,38.89,,,,,,,,,,
-117.69,34.07,,,,,,,,,,
-118.34,33.94,,,,,,,,,,
-121.92,36.62,,,,,,,,,,
-122.11,37.41,,,,,,,,,,
-117.65,34.1,,,,,,,,,,
-121.8,38.01,,,,,,,,,,
-122.66,38.81,,,,,,,,,,
-122.39,37.78,,,,,,,,,,
-117.06,34.87,,,,,,,,,,
-121.34,38.66,,,,,,,,,,
-121.92,36.95,,,,,,,,,,
-122.59,38.04,,,,,,,,,,
-118.28,34.11,,,,,,,,,,
-121.39,38.6,,,,,,,,,,
-122.33,40.52,,,,,,,,,,
-118.2,34.04,,,,,,,,,,
-121.96,37,,,,,,,,,,
-117.89,33.87,,,,,,,,,,
-117.23,32.88,,,,,,,,,,
-122,37.12,,,,,,,,,,
-118.4,34.28,,,,,,,,,,
-122.46,37.76,,,,,,,,,,
-121.99,37.54,,,,,,,,,,
-117.23,32.74,,,,,,,,,,
-121.84,37.29,,,,,,,,,,
-118.15,34.86,,,,,,,,,,
-118.33,33.98,,,,,,,,,,
-120.68,35.51,,,,,,,,,,
-117.95,33.79,,,,,,,,,,
-117.97,34.05,,,,,,,,,,
-119.75,36.87,,,,,,,,,,
-122.08,37.35,,,,,,,,,,
-122.32,37.95,,,,,,,,,,
-122.22,38.1,,,,,,,,,,
-124.09,40.55,,,,,,,,,,
-121.5,38.57,,,,,,,,,,
-118.11,33.91,,,,,,,,,,
-121.23,37.96,,,,,,,,,,
-121.89,37.28,,,,,,,,,,
-122.48,37.65,,,,,,,,,,
-118.31,34.09,,,,,,,,,,
-123.02,38.81,,,,,,,,,,
-120.47,34.65,,,,,,,,,,
-122.1,37.68,,,,,,,,,,
-122.42,37.79,,,,,,,,,,
-122.64,41.63,,,,,,,,,,
-118.02,33.91,,,,,,,,,,
-119.02,35.36,,,,,,,,,,
-121.33,38.65,,,,,,,,,,
-118.08,33.95,,,,,,,,,,
-118.08,33.79,,,,,,,,,,
-118.23,33.91,,,,,,,,,,
-118.29,33.75,,,,,,,,,,
-118.02,34.13,,,,,,,,,,
-117.89,33.6,,,,,,,,,,
-118.23,34.65,,,,,,,,,,
-118.31,34.02,,,,,,,,,,
-118.07,33.8,,,,,,,,,,
-118.25,33.94,,,,,,,,,,
-122.44,37.71,,,,,,,,,,
-119.75,34.5,,,,,,,,,,
-117.94,33.94,,,,,,,,,,
-119.23,34.17,,,,,,,,,,
-118.11,34.68,,,,,,,,,,
-122.47,37.77,,,,,,,,,,
-120.93,35.76,,,,,,,,,,
-118.14,34.17,,,,,,,,,,
-122.73,38.46,,,,,,,,,,
-117.06,32.76,,,,,,,,,,
-120.71,35.5,,,,,,,,,,
-118.31,34.05,,,,,,,,,,
-119.7,36.75,,,,,,,,,,
-121.34,38.64,,,,,,,,,,
-117.91,34.09,,,,,,,,,,
-119.76,36.79,,,,,,,,,,
-120.66,35.49,,,,,,,,,,
-118.28,34.08,,,,,,,,,,
-122.54,37.9,,,,,,,,,,
-117.59,33.88,,,,,,,,,,
-120.47,34.94,,,,,,,,,,
-118.25,33.93,,,,,,,,,,
-121.97,37.29,,,,,,,,,,
-122.01,36.97,,,,,,,,,,
-122.02,37.6,,,,,,,,,,
-118.23,34.09,,,,,,,,,,
-117.17,34.28,,,,,,,,,,
-122.33,37.39,,,,,,,,,,
-117.91,33.6,,,,,,,,,,
-117.93,33.86,,,,,,,,,,
-119.86,34.42,,,,,,,,,,
-118.14,34.06,,,,,,,,,,
-119.7,36.3,,,,,,,,,,
-117.12,34.1,,,,,,,,,,
-119.63,34.42,,,,,,,,,,
